brand,product_name,price,currency,source,url,timestamp,sold_count,crawl_date,crawl_hour
['ASUS'],"Laptop Asus TUF Gaming F16 FX607VJ - RL034W (Core 5 210H, 16GB, 512GB, RTX 3050 6GB, Full HD+ 144Hz, Win11)",22490000,VND,thegioididong,https://www.thegioididong.com/laptop/asus-tuf-gaming-f16-fx607vj-core-5-rl034w,2025-11-23 12:24:04,10000.0,2025-11-23,12
['LENOVO'],"Laptop Lenovo Gaming LOQ 15IAX9 - 83GS000JVN (i5 12450HX, 16GB, 512GB, RTX 3050 6GB, Full HD 144Hz, Win11)",21890000,VND,thegioididong,https://www.thegioididong.com/laptop/lenovo-loq-gaming-15iax9-i5-83gs000jvn,2025-11-23 12:24:04,55000.0,2025-11-23,12
['LENOVO'],"Laptop Lenovo Gaming Legion 5 15IAX10 - 83F0003BVN (Ultra 7 255HX, 32GB, 1TB, RTX 5070 8GB, WQXGA OLED 165Hz, OfficeH24, Win11)",51090000,VND,thegioididong,https://www.thegioididong.com/laptop/lenovo-legion-5-15iax10-ultra-7-255hx-83f0003bvn,2025-11-23 12:24:04,30.0,2025-11-23,12
['GIGABYTE'],"Laptop GIGABYTE Gaming G5 MF5 RC555 - 9RC55MF5FEIAA1VN0C0 (i5 13500H, 16GB, 512GB, RTX 4050 6GB, Full HD 144Hz, Win11)",20790000,VND,thegioididong,https://www.thegioididong.com/laptop/gigabyte-g5-mf5-rc555-i5-9rc55mf5feiaa1vn0c0,2025-11-23 12:24:04,2040.0,2025-11-23,12
['HP'],"Laptop HP Envy x360 14 fc0162TU - AY8X1PA (Ultra 5 125U, 16GB, 512GB, 2.8K OLED, Cảm ứng, OfficeHS, Win11)",25890000,VND,thegioididong,https://www.thegioididong.com/laptop/hp-envy-x360-14-fc0162tu-ultra-5-ay8x1pa,2025-11-23 12:24:05,4790.0,2025-11-23,12
['LENOVO'],"Laptop Lenovo Gaming LOQ 15IRX9 - 83DV01AMVN (i7 13650HX, 16GB, 1TB, RTX 4050 6GB, Full HD 144Hz, Win11)",29290000,VND,thegioididong,https://www.thegioididong.com/laptop/lenovo-gaming-loq-15irx9-i7-83dv01amvn,2025-11-23 12:24:05,1450.0,2025-11-23,12
['ASUS'],"Laptop Asus Gaming V16 V3607VM - RP044W (Core 7 240H, 16GB, 1TB, RTX 5060 8GB, WUXGA 144Hz, Win11)",34390000,VND,thegioididong,https://www.thegioididong.com/laptop/asus-gaming-v16-v3607vm-core-7-rp044w,2025-11-23 12:24:05,490.0,2025-11-23,12
['LENOVO'],"Laptop Lenovo ThinkBook 14 - 21SJ006YVN (Ultra 7 255H, 32GB, 1TB, WUXGA, Win11)",30290000,VND,thegioididong,https://www.thegioididong.com/laptop/lenovo-thinkbook-14-ultra-7-21sj006yvn,2025-11-23 12:24:05,520.0,2025-11-23,12
['MSI'],"Laptop MSI Modern 15 B12MO - 625VN (i5 1235U, 8GB, 512GB, Full HD, Win11)",11490000,VND,thegioididong,https://www.thegioididong.com/laptop/msi-modern-15-b12mo-i5-625vn,2025-11-23 12:24:05,21000.0,2025-11-23,12
['MSI'],"Laptop MSI Prestige 14 AI+ Evo C2VMG - 020VN (Ultra 7 258V, 32GB, 1TB, 2.8K OLED 120Hz, Win11)",39090000,VND,thegioididong,https://www.thegioididong.com/laptop/msi-prestige-14-ai-evo-c2vmg-ultra-7-020vn,2025-11-23 12:24:07,20.0,2025-11-23,12
['ACER'],"Laptop Acer Gaming Nitro V 15 ProPanel ANV15 41 R9M1 - NH.QPFSV.004 (R5 7535HS, 16GB, 512GB, RTX3050 6GB, Full HD 180Hz, Win11)",21690000,VND,thegioididong,https://www.thegioididong.com/laptop/acer-nitro-v-15-propanel-anv15-41-r9m1-r5-7535hs-nh-qpfsv-004,2025-11-23 12:24:08,610.0,2025-11-23,12
['ASUS'],"Laptop Asus Zenbook A14 UX3407QA - QD299WS (X1 26 100, 16GB/, 512GB, WUXGA OLED, OfficeH24+365, Win11)",27990000,VND,thegioididong,https://www.thegioididong.com/laptop/asus-zenbook-a14-ux3407qa-x1-26-100-qd299ws,2025-11-23 12:24:08,1280.0,2025-11-23,12
['ASUS'],"Laptop Asus Gaming V16 V3607VU - RP192W (Core 5 210H, 16GB, 512GB, RTX 4050 6GB, WUXGA 144Hz, Win11)",24690000,VND,thegioididong,https://www.thegioididong.com/laptop/asus-gaming-v16-v3607vu-core-5-rp192w,2025-11-23 12:24:08,2510.0,2025-11-23,12
['ASUS'],"Laptop Asus Vivobook S14 S3407CA - LY096WS (Ultra 7 255H, 16GB, 512GB, WUXGA, OfficeH24+365, Win11)",23490000,VND,thegioididong,https://www.thegioididong.com/laptop/asus-s3407ca-ultra-7-ly096ws,2025-11-23 12:24:08,1360.0,2025-11-23,12
['ACER'],"Laptop Acer Gaming Nitro V 15 ProPanel ANV15 52 72BM - NH.QZ9SV.004 (i7 13620H, 16GB, 512GB, RTX5050 8GB, Full HD 180Hz, Win11)",29890000,VND,thegioididong,https://www.thegioididong.com/laptop/acer-nitro-v-15-propanel-anv15-52-72bm-i7-13620h-nh-qz9sv-004,2025-11-23 12:24:09,320.0,2025-11-23,12
['DELL'],"Laptop Dell Inspiron 16 5640 - N5640-C7U161W11IBU (Core 7 150U, 16GB, 1TB, Full HD+, OfficeHS, Win11)",24990000,VND,thegioididong,https://www.thegioididong.com/laptop/dell-inspiron-16-5640-core-7-n5640c7u161w11ibu,2025-11-23 12:24:12,8070.0,2025-11-23,12
['DELL'],"Laptop Dell Inspiron 14 5440 - N5440-C5U165W11IBD2 (Core 5 120U, 16GB, 512GB, MX570A 2GB, 2.2K, OfficeHS, Win11)",24490000,VND,thegioididong,https://www.thegioididong.com/laptop/dell-inspiron-14-5440-core-5-n5440c5u165w11ibd2,2025-11-23 12:24:13,1050.0,2025-11-23,12
['MSI'],"Laptop MSI Modern 15 F13MG - 667VN_16GB (i5 1334U, 16GB, 512GB, Full HD, Win11)",14680000,VND,thegioididong,https://www.thegioididong.com/laptop/msi-modern-15-f13mg-i5-1334u-667vn-16gb,2025-11-23 12:24:13,730.0,2025-11-23,12
['ACER'],"Laptop Acer Gaming Nitro V ANV15 51 57B2 - NH.QN8SV.001 (i5 13420H, 8GB, 512GB, RTX 4050 6GB, Full HD 144Hz, Win11)",23290000,VND,thegioididong,https://www.thegioididong.com/laptop/acer-nitro-v-anv15-51-57b2-i5-nhqn8sv001,2025-11-23 12:24:15,2760.0,2025-11-23,12
['ACER'],"Laptop Acer Aspire Lite 15 AL15 42P R8E6 - NX.D34SV.001 (R5 7430U, 16GB, 512GB, Full HD, OfficeH24+365, Win11)",12990000,VND,thegioididong,https://www.thegioididong.com/laptop/acer-aspire-lite-15-al15-42p-r8e6-r5-7430u-nx-d34sv-001,2025-11-23 12:24:15,2280.0,2025-11-23,12
['DELL'],"Laptop Dell Latitude 3450 - 71058806 (i7 1355U, 16GB, 512GB, Full HD, Win11)",24490000,VND,thegioididong,https://www.thegioididong.com/laptop/dell-latitude-3450-i7-71058806,2025-11-23 12:24:17,2490.0,2025-11-23,12
['DELL'],"Laptop Dell Inspiron 15 3530 - N5I7216W1 (i7 1355U, 16GB, 512GB, Full HD 120Hz, OfficeH24+365, Win11)",20990000,VND,thegioididong,https://www.thegioididong.com/laptop/dell-inspiron-15-3530-i7-n5i7216w1,2025-11-23 12:24:18,16000.0,2025-11-23,12
['DELL'],"Laptop Dell 15 DC15250 - 71071928 (i5 1334U, 16GB, 512GB, Full HD 120Hz, OfficeH24+365B, Win11)",17490000,VND,thegioididong,https://www.thegioididong.com/laptop/dell-15-dc15250-i5-1334u-71071928,2025-11-23 12:24:19,,2025-11-23,12
['DELL'],"Laptop Dell Inspiron 15 3520 - 25P2315 (i7 1255U, 16GB, 512GB, Full HD 120Hz, OfficeHS, KYHD, Win11)",18990000,VND,thegioididong,https://www.thegioididong.com/laptop/dell-inspiron-15-3520-i7-25p2315,2025-11-23 12:24:19,13000.0,2025-11-23,12
['HP'],"Laptop HP Gaming VICTUS 16 s0077AX - 8C5N6PA (R7 7840HS, 16GB, 512GB, RTX 3050 6GB, Full HD 144Hz, Win11)",22490000,VND,thegioididong,https://www.thegioididong.com/laptop/hp-gaming-victus-16-s0077ax-r7-8c5n6pa,2025-11-23 12:24:21,6080.0,2025-11-23,12
UNKNOWN,Card đồ họa rời là gì? Có nên mua laptop có card đồ họa rời không?,19990000,VND,thegioididong,https://www.thegioididong.com/hoi-dap/nen-mua-laptop-co-card-do-hoa-roi-nao-1181568,2025-11-23 12:24:04,,2025-11-23,12
['DELL'],"Laptop Dell Inspiron 15 3530 - N3530-i7U161W11SLU-BL (i7 1355U, 16GB, 1TB, Full HD 120Hz, OfficeH24+365, Win11)",21990000,VND,thegioididong,https://www.thegioididong.com/laptop/dell-inspiron-15-3530-i7-n3530-i7u161w11slu-bl,2025-11-23 12:24:24,1780.0,2025-11-23,12
['DELL'],"Laptop Dell Inspiron 15 3530 - N3530-i7U161W11SLU (i7 1355U, 16GB, 1TB, Full HD 120Hz, OfficeH24+365, Win11)",21990000,VND,thegioididong,https://www.thegioididong.com/laptop/dell-inspiron-15-3530-i7-n3530-i7u161w11slu,2025-11-23 12:24:26,6540.0,2025-11-23,12
['LENOVO'],"Laptop Lenovo ThinkPad X1 Carbon - 21NX003BVN (Ultra 7 255H, 32GB, 1TB, 2.8K OLED 120Hz, Cảm ứng, Win11 Pro)",59690000,VND,thegioididong,https://www.thegioididong.com/laptop/lenovo-thinkpad-x1-carbon-oled-ultra-7-21nx003bvn,2025-11-23 12:24:27,30.0,2025-11-23,12
['ASUS'],"Laptop Asus TUF Gaming F15 FX507ZC4 - HN229W (i5 12500H, 16GB, 1TB, RTX 3050 4GB, Full HD 144Hz, Win11)",20490000,VND,thegioididong,https://www.thegioididong.com/laptop/asus-tuf-gaming-f15-fx507zc4-i5-hn229w,2025-11-23 12:24:27,29000.0,2025-11-23,12
['LENOVO'],"Laptop Lenovo Ideapad Slim 3 14IRH10 - 83K0000CVN (i5 13420H, 24GB, 512GB, WUXGA OLED, Win11)",18890000,VND,thegioididong,https://www.thegioididong.com/laptop/lenovo-ideapad-slim-3-oled-14irh10-i5-83k0000cvn,2025-11-23 12:24:27,15000.0,2025-11-23,12
['ASUS'],"Laptop Asus Vivobook 15 X1504VA - BQ3394W (i3 1315U, 8GB, 512GB, Full HD, Win11)",12990000,VND,thegioididong,https://www.thegioididong.com/laptop/asus-vivobook-15-x1504va-i3-1315u-bq3394w,2025-11-23 12:24:27,,2025-11-23,12
['LENOVO'],"Laptop Lenovo Gaming LOQ 15ARP9 - 83JC00KUVN (R5 7235HS, 24GB, 1TB, RTX 3050 6GB, Full HD 144Hz, Win11)",23890000,VND,thegioididong,https://www.thegioididong.com/laptop/lenovo-loq-15arp9-r5-83jc00kuvn,2025-11-23 12:24:27,5420.0,2025-11-23,12
UNKNOWN,TOP 10 laptop gaming dưới 40 triệu cấu hình mạnh đáng sở hữu nhất,29190000,VND,thegioididong,https://www.thegioididong.com/hoi-dap/top-4-laptop-gaming-cau-hinh-cuc-chien-duoi-40-trieu-dang-1377060,2025-11-23 12:24:11,,2025-11-23,12
['ACER'],"Laptop Acer Aspire 16 AI A16 71M 59L5 - NX.J4YSV.001 (Ultra 5 125H, 16GB, 512GB, Full HD+, Win11)",17690000,VND,thegioididong,https://www.thegioididong.com/laptop/acer-aspire-16-ai-a16-71m-59l5-ultra-5-nxj4ysv001,2025-11-23 12:24:29,3890.0,2025-11-23,12
['LENOVO'],"Laptop Lenovo ThinkBook 14 G8 - 21SG007SVN (Core 5 210H, 16GB, 512GB, WUXGA, Win11)",20790000,VND,thegioididong,https://www.thegioididong.com/laptop/lenovo-thinkbook-14-g8-core-5-210h-21sg007svn,2025-11-23 12:24:29,560.0,2025-11-23,12
['HP'],"Laptop HP OmniBook X Flip 14 fk0092AU - BZ7P5PA (R5 AI 340, 16GB, 512GB, WUXGA, Cảm ứng, OfficeH24, Win11)",26990000,VND,thegioididong,https://www.thegioididong.com/laptop/hp-omnibook-x-flip-14-fk0092au-r5-ai-340-bz7p5pa,2025-11-23 12:24:31,,2025-11-23,12
['MSI'],"Laptop MSI Gaming Katana 15 HX B14WEK - 027VN (i7 14650HX, 32GB, 512GB, RTX5050 8GB, QHD 165Hz, Win11)",34690000,VND,thegioididong,https://www.thegioididong.com/laptop/msi-katana-15-hx-b14wek-i7-14650hx-027vn,2025-11-23 12:24:31,130.0,2025-11-23,12
['HP'],"Laptop HP Pavilion 16 af0053TU - AY8C2PA (Ultra 7 155U, 16GB, 512GB, WUXGA, OfficeHS+365, Win11)",22090000,VND,thegioididong,https://www.thegioididong.com/laptop/hp-pavilion-16-af0053tu-ultra-7-ay8c2pa,2025-11-23 12:24:32,6140.0,2025-11-23,12
['DELL'],"Laptop Dell 15 DC15250 - CPH997 (i7 1355U, 16GB, 1TB, Full HD 120Hz, OfficeH24+365B, Win11)",21990000,VND,thegioididong,https://www.thegioididong.com/laptop/dell-15-dc15250-i7-1355u-cph997,2025-11-23 12:24:40,160.0,2025-11-23,12
['LENOVO'],"Laptop Lenovo IdeaPad Slim 5 OLED 14IRH10R - 83J0006CVN (Core 5 210H, 32GB, 1TB, WUXGA OLED, Win11)",23190000,VND,thegioididong,https://www.thegioididong.com/laptop/lenovo-ideapad-slim-5-oled-14irh10r-core-5-83j0006cvn,2025-11-23 12:24:43,190.0,2025-11-23,12
['HP'],"Laptop HP 15 fd0235TU - 9Q970PA_120U (Core 5 120U, 16GB, 512GB, Full HD, Win11)",16790000,VND,thegioididong,https://www.thegioididong.com/laptop/hp-15-fd0235tu-core-5-120u-9q970pa-120u,2025-11-23 12:24:43,7900.0,2025-11-23,12
['MSI'],"Laptop MSI Gaming Thin 15 B13UC - 1411VN_16GB (i7 13620H, 16GB, 512GB, RTX 3050 4GB, Full HD 144Hz, Win11)",20290000,VND,thegioididong,https://www.thegioididong.com/laptop/msi-thin-15-b13uc-i7-13620h-1411vn-16gb,2025-11-23 12:24:43,1450.0,2025-11-23,12
['LENOVO'],"Laptop Lenovo ThinkPad T14s - 21R1000AVN (Ultra 7 255H, 32GB, 512GB, WUXGA, Win11 Pro)",43590000,VND,thegioididong,https://www.thegioididong.com/laptop/lenovo-thinkpad-t14s-ultra-7-21r1000avn,2025-11-23 12:24:44,40.0,2025-11-23,12
['HP'],"Laptop HP Pavilion X360 14 ek2013TU - 9Z2V4PA (Core 7 150U, 16GB, 512GB, Full HD, Cảm ứng, Win11)",23990000,VND,thegioididong,https://www.thegioididong.com/laptop/hp-pavilion-x360-14-ek2013tu-core-7-9z2v4pa,2025-11-23 12:24:44,1840.0,2025-11-23,12
['ACER'],"Laptop Acer Aspire 3 A314 42P R3B3 - NX.KSFSV.001 (R7 5700U, 16GB, 512GB, WUXGA, Win11)",12690000,VND,thegioididong,https://www.thegioididong.com/laptop/acer-aspire-3-a314-42p-r3b3-r7-nxksfsv001,2025-11-23 12:24:45,39000.0,2025-11-23,12
['LENOVO'],"Laptop Lenovo ThinkBook 14 G7 - 21MR0070VN (Ultra 7 155U, 32GB, 1TB, WUXGA, Win11)",28090000,VND,thegioididong,https://www.thegioididong.com/laptop/lenovo-thinkbook-14-g7-ultra-7-21mr0070vn,2025-11-23 12:24:45,960.0,2025-11-23,12
['HP'],"Laptop HP Gaming VICTUS 16 s0173AX - A9LG9PA (R5 7640HS, 16GB, 512GB, RTX 3050 6GB, Full HD 144Hz, Win11)",19690000,VND,thegioididong,https://www.thegioididong.com/laptop/hp-victus-16-s0173ax-r5-a9lg9pa,2025-11-23 12:24:46,4030.0,2025-11-23,12
['ACER'],"Laptop Acer Aspire Lite 15 AL15 42P R86Y - NX.D3QSV.003 (R7 7730U, 16GB, 512GB, Full HD, Win11)",14490000,VND,thegioididong,https://www.thegioididong.com/laptop/acer-aspire-lite-15-al15-42p-r86y-r7-7730u-nxd3qsv003,2025-11-23 12:24:46,290.0,2025-11-23,12
['MSI'],"Laptop MSI Gaming Thin 15 B13UCX - 2080VN (i5 13420H, 16GB, 512GB, RTX 2050 4GB, Full HD 144Hz, Win11)",16690000,VND,thegioididong,https://www.thegioididong.com/laptop/msi-thin-15-b13ucx-i5-2080vn,2025-11-23 12:24:46,8110.0,2025-11-23,12
['HP'],"Laptop HP 245 G10 - B8PF9AT (R5 7530U, 8GB, 512GB, Full HD, Win11)",12590000,VND,thegioididong,https://www.thegioididong.com/laptop/hp-245-g10-r5-b8pf9at,2025-11-23 12:24:47,19000.0,2025-11-23,12
['LENOVO'],"Laptop Lenovo ThinkBook 14 - 21MR0072VN (Ultra 7 155U, 16GB, 512GB, WUXGA, Win11)",25090000,VND,thegioididong,https://www.thegioididong.com/laptop/lenovo-thinkbook-14-ultra-7-21mr0072vn,2025-11-23 12:24:48,980.0,2025-11-23,12
['MSI'],"Laptop MSI Gaming Bravo 15 B7ED - 010VN (R5 7535HS, 16GB, 512GB, RX 6550M 4GB, Full HD 144Hz, Win11)",17190000,VND,thegioididong,https://www.thegioididong.com/laptop/msi-bravo-15-b7ed-r5-010vn,2025-11-23 12:24:49,15000.0,2025-11-23,12
['HP'],"Laptop HP Pavilion 16 af0052TU - AY8C1PA (Ultra 7 155U, 16GB, 1TB, WUXGA, OfficeHS+365, Win11)",22990000,VND,thegioididong,https://www.thegioididong.com/laptop/hp-pavilion-16-af0052tu-ultra-7-ay8c1pa,2025-11-23 12:24:49,3020.0,2025-11-23,12
['HP'],"Laptop HP Pavilion 16 af0054TU - AY8C3PA (Ultra 5 125U, 16GB, 1TB, WUXGA, OfficeHS+365, Win11)",20890000,VND,thegioididong,https://www.thegioididong.com/laptop/hp-pavilion-16-af0054tu-ultra-5-ay8c3pa,2025-11-23 12:24:49,1990.0,2025-11-23,12
['DELL'],"Laptop Dell Inspiron 15 3530 - 71053696 (i5 1334U, 16GB, 512GB, Full HD 120Hz, OfficeH24+365, KYHD, Win11)",17490000,VND,thegioididong,https://www.thegioididong.com/laptop/dell-inspiron-15-3530-i5-71053696,2025-11-23 12:24:50,3900.0,2025-11-23,12
['ACER'],"Laptop Acer Gaming Nitro V 15 ProPanel ANV15 41 R7CR - NH.QPESV.003 (R5 7535HS, 16GB, 512GB, RTX 4050 6GB, Full HD 180Hz, Win11)",24690000,VND,thegioididong,https://www.thegioididong.com/laptop/acer-nitro-v-15-propanel-anv15-41-r7cr-r5-7535hs-nh-qpesv-003,2025-11-23 12:24:50,300.0,2025-11-23,12
['MSI'],"Laptop MSI VenturePro 16 AI A1VEG - 003VN (Ultra 7 155H, 16GB, 512GB, RTX 4050 6GB, 2K OLED 120Hz, Win11)",33690000,VND,thegioididong,https://www.thegioididong.com/laptop/msi-venturepro-16-ai-a1veg-ultra-7-003vn,2025-11-23 12:24:50,20.0,2025-11-23,12
['ASUS'],"Laptop Asus Vivobook 16 X1605VA - MB1875WS (i7 13620H, 16GB, 512GB, WUXGA, OfficeH24+365, Win11)",17990000,VND,thegioididong,https://www.thegioididong.com/laptop/asus-vivobook-16-x1605va-i7-mb1875ws,2025-11-23 12:24:52,10000.0,2025-11-23,12
['ACER'],"Laptop Acer Aspire Lite AL14 52M 54CJ - NX.J39SV.002 (i5 1334U, 16GB, 512GB, WUXGA, Win11)",14490000,VND,thegioididong,https://www.thegioididong.com/laptop/acer-aspire-lite-al14-52m-54cj-i5-nxj39sv002,2025-11-23 12:24:52,24000.0,2025-11-23,12
['MACBOOK'],Laptop MacBook Pro 16 inch M4 Max 36GB/1TB,89490000,VND,thegioididong,https://www.thegioididong.com/laptop/macbook-pro-16-inch-m4-max-36gb-1tb,2025-11-23 12:24:53,300.0,2025-11-23,12
['ASUS'],"Laptop Asus Zenbook 14 UX3405CA - PZ204WS (Ultra 9 285H, 32GB, 1TB, 2.8K 120Hz, Cảm ứng, OfficeH24+365, Win11)",34990000,VND,thegioididong,https://www.thegioididong.com/laptop/asus-zenbook-14-ux3405ca-ultra-9-pz204ws,2025-11-23 12:24:53,2530.0,2025-11-23,12
['HP'],"Laptop HP 15 fd0015TU - A19C5PA (i7 1355U, 16GB, 512GB, Full HD, Win11)",20090000,VND,thegioididong,https://www.thegioididong.com/laptop/hp-15-fd0015tu-i7-a19c5pa,2025-11-23 12:24:54,46000.0,2025-11-23,12
['HP'],"Laptop HP Envy X360 14 fa0050AU - A29H8PA (R5 8640HS, 16GB, 512GB, 2.8K OLED, Cảm ứng, Win11)",25890000,VND,thegioididong,https://www.thegioididong.com/laptop/hp-envy-x360-14-fa0050au-r5-a29h8pa,2025-11-23 12:24:55,3080.0,2025-11-23,12
['LENOVO'],"Laptop Lenovo Gaming Legion 5 15IRX10 - 83LY00A6VN (i7 14700HX, 24GB, 512GB, RTX 5050 8GB, WQXGA OLED 165Hz, OfficeH24, Win11)",38290000,VND,thegioididong,https://www.thegioididong.com/laptop/lenovo-legion-5-15irx10-i7-83ly00a6vn,2025-11-23 12:24:55,1080.0,2025-11-23,12
['LENOVO'],"Laptop Lenovo Gaming LOQ 15IAX9E - 83LK0079VN (i5 12450HX, 16GB, 512GB, RTX 3050 6GB, Full HD 144Hz, Win11)",20290000,VND,thegioididong,https://www.thegioididong.com/laptop/lenovo-loq-15iax9e-i5-83lk0079vn,2025-11-23 12:24:55,17000.0,2025-11-23,12
['LENOVO'],"Laptop Lenovo Gaming LOQ 15ARP9 - 83JC00M3VN (R5 7235HS,16GB, 1TB, RTX 3050 6GB, Full HD 144Hz, Win11)",22890000,VND,thegioididong,https://www.thegioididong.com/laptop/lenovo-gaming-loq-15arp9-r5-83jc00m3vn,2025-11-23 12:24:55,530.0,2025-11-23,12
['HP'],"Laptop HP OmniBook 5 Flip 14 fp0055TU - BZ7Q4PA (Core 7 150U, 24GB, 512GB, WUXGA, Cảm ứng, OfficeH24, Win11)",27890000,VND,thegioididong,https://www.thegioididong.com/laptop/hp-omnibook-5-flip-14-fp0055tu-core-7-150u-bz7q4pa,2025-11-23 12:24:56,,2025-11-23,12
['ASUS'],"Laptop Asus Gaming ROG Strix G615JMR - S5155W (i7 14650HX, 32GB, 1TB, RTX5060 8GB, 2.5K 240Hz, Win11)",42690000,VND,thegioididong,https://www.thegioididong.com/laptop/asus-g615jmr-i7-14650hx-s5155w,2025-11-23 12:24:56,210.0,2025-11-23,12
['LENOVO'],"Laptop Lenovo Yoga Slim 7 15ILL9 - 83HM000GVN (Ultra 7 258V, 32GB, 1TB, 2.8K 120Hz, Cảm ứng, OfficeHS, Win11)",39990000,VND,thegioididong,https://www.thegioididong.com/laptop/lenovo-yoga-slim-7-15ill9-ultra-7-83hm000gvn,2025-11-23 12:24:57,60.0,2025-11-23,12
['ACER'],"Laptop Acer Aspire 5 A514 56P 54TN - NX.KHRSV.004 (i5 1335U, 8GB, 512GB, WUXGA, Win11)",12290000,VND,thegioididong,https://www.thegioididong.com/laptop/acer-aspire-5-a514-56p-54tn-i5-nxkhrsv004,2025-11-23 12:24:58,5020.0,2025-11-23,12
['MSI'],"Laptop MSI Gaming Cyborg 15 AI A1VEK - 053VN (Ultra 7 155H, 16GB, 512GB, RTX 4050 6GB, Full HD 144Hz, Win11)",28690000,VND,thegioididong,https://www.thegioididong.com/laptop/msi-gaming-cyborg-15-ai-a1vek-ultra-7-053vn,2025-11-23 12:24:58,350.0,2025-11-23,12
UNKNOWN,Tiêu chí chọn laptop đồ họa cho dân thiết kế và kỹ thuật chuẩn nhất,27990000,VND,thegioididong,https://www.thegioididong.com/hoi-dap/cach-chon-laptop-de-su-dung-thiet-ke-do-hoa-va-ky-1022621,2025-11-23 12:24:40,,2025-11-23,12
['HP'],"Laptop HP Pavilion X360 14 ek2027TU - 9Z2V9PA (Core 7 150U, 16GB, 512GB, Full HD, Cảm ứng, Win11)",24190000,VND,thegioididong,https://www.thegioididong.com/laptop/hp-pavilion-x360-14-ek2027tu-core-7-9z2v9pa,2025-11-23 12:24:59,11000.0,2025-11-23,12
['ASUS'],"Laptop Asus Vivobook 15 OLED A1505VA - MA570WS (i7 13620H, 16GB, 512GB, 2.8K OLED 120Hz, OfficeH24+365, Win11)",20490000,VND,thegioididong,https://www.thegioididong.com/laptop/asus-vivobook-a1505va-i7-ma570ws,2025-11-23 12:24:59,3960.0,2025-11-23,12
['ACER'],"Laptop Acer Gaming Nitro 5 Tiger AN515 58 52SP - NH.QFHSV.001 (i5 12500H, 8GB, 512GB, RTX 3050 4GB, Full HD 144Hz, Win11)",18690000,VND,thegioididong,https://www.thegioididong.com/laptop/acer-nitro-5-tiger-an515-58-52sp-i5-nhqfhsv001,2025-11-23 12:24:59,15000.0,2025-11-23,12
['MACBOOK'],Laptop MacBook Air 15 inch M4 16GB/256GB,29990000,VND,thegioididong,https://www.thegioididong.com/laptop/macbook-air-15-inch-m4-16gb-256gb,2025-11-23 12:25:00,7730.0,2025-11-23,12
['LENOVO'],"Laptop Lenovo Gaming Legion 5 15IRX10 - 83LY00HYVN (i7 14700HX, 16GB, 1TB, RTX 5050 8GB, WQXGA 165Hz, OfficeH24, Win11)",39290000,VND,thegioididong,https://www.thegioididong.com/laptop/lenovo-gaming-legion-5-15irx10-i7-14700hx-83ly00hyvn,2025-11-23 12:25:01,330.0,2025-11-23,12
['ASUS'],"Laptop Asus Gaming V16 V3607VH - RP084W (Core 5 210H, 16GB, 512GB, RTX 5050 8GB, WUXGA 144Hz, Win11)",26490000,VND,thegioididong,https://www.thegioididong.com/laptop/asus-gaming-v16-v3607vh-core-5-210h-rp084w,2025-11-23 12:25:01,630.0,2025-11-23,12
['MACBOOK'],Laptop MacBook Air 13 inch M2 16GB/256GB,19690000,VND,thegioididong,https://www.thegioididong.com/laptop/apple-macbook-air-m2-2022-16gb-256gb,2025-11-23 12:25:02,104000.0,2025-11-23,12
['DELL'],"Laptop Dell Inspiron 15 3520 - 25P231 (i5 1235U, 16GB, 512GB, Full HD 120Hz, OfficeHS, KYHD, Win11)",15990000,VND,thegioididong,https://www.thegioididong.com/laptop/dell-inspiron-15-3520-i5-25p231,2025-11-23 12:25:02,146000.0,2025-11-23,12
['HP'],"Laptop HP Elitebook 635 Aero G11 - A8WS6PT (R5 8640U, 16GB, 512GB, WUXGA, Win11)",23190000,VND,thegioididong,https://www.thegioididong.com/laptop/hp-elitebook-635-aero-g11-r5-a8ws6pt,2025-11-23 12:25:02,1550.0,2025-11-23,12
['LENOVO'],"Laptop Lenovo Yoga Slim 7 OLED 14ILL10 - 83JX0037VN (Ultra 7 258V, 32GB, 1TB, 2.8K OLED 120Hz, OfficeH24+365, Win11)",36990000,VND,thegioididong,https://www.thegioididong.com/laptop/lenovo-yoga-slim-7-oled-14ill10-ultra-7-83jx0037vn,2025-11-23 12:25:03,260.0,2025-11-23,12
['LENOVO'],"Laptop Lenovo Gaming Legion 5 15AHP10 - 83M0002XVN (R7 260/24GB, 24GB, 512GB, RTX 5050 8GB, WQXGA OLED 165Hz,OfficeH24, Win11)",37290000,VND,thegioididong,https://www.thegioididong.com/laptop/lenovo-gaming-legion-5-15ahp10-r7-260-24gb-83m0002xvn,2025-11-23 12:25:03,,2025-11-23,12
['ASUS'],"Laptop Asus Vivobook Go 15 E1504FA - NJ776W (R5 7520U, 16GB, 512GB, Full HD, Win11)",12690000,VND,thegioididong,https://www.thegioididong.com/laptop/asus-vivobook-go-15-e1504fa-r5-nj776w,2025-11-23 12:25:04,268000.0,2025-11-23,12
['ASUS'],"Laptop Asus Vivobook 15 OLED A1505VA - MA515WS (i5 13420H, 16GB, 512GB, 2.8K OLED 120Hz, OfficeH24+365, Win11)",17990000,VND,thegioididong,https://www.thegioididong.com/laptop/asus-vivobook-a1505va-i5-ma515ws,2025-11-23 12:25:04,13000.0,2025-11-23,12
['ACER'],"Laptop Acer Swift Go 14 AI 73 71ZX - NX.KSLSV.002 (Ultra 7 155H, 16GB, 512GB, 2.8K, Win11)",26490000,VND,thegioididong,https://www.thegioididong.com/laptop/acer-swift-go-14-ai-73-71zx-ultra-7-nxkslsv002,2025-11-23 12:25:05,940.0,2025-11-23,12
['HP'],"Laptop HP Envy X360 14 fa0097AU - AY8U7PA (R5 8640HS, 16GB, 512GB, 2.8K OLED, Cảm ứng, OfficeHS+365, Win11)",25890000,VND,thegioididong,https://www.thegioididong.com/laptop/hp-envy-x360-14-fa0097au-r5-ay8u7pa,2025-11-23 12:25:05,1190.0,2025-11-23,12
['HP'],"Laptop HP Gaming VICTUS 15 fb3115AX - BX9C9PA (R7 7445HS, 16GB, 512GB, RTX4050 6GB, Full HD 144Hz, Win11)",25390000,VND,thegioididong,https://www.thegioididong.com/laptop/hp-victus-15-fb3115ax-r7-7445hs-bx9c9pa,2025-11-23 12:25:05,300.0,2025-11-23,12
['ASUS'],"Laptop Asus Vivobook S14 S3407VA - LY146W (Core 5 210H, 16GB, 512GB, WUXGA, Win11)",18390000,VND,thegioididong,https://www.thegioididong.com/laptop/asus-vivobook-s14-s3407va-core-5-210h-ly146w,2025-11-23 12:25:05,40.0,2025-11-23,12
['DELL'],"Laptop Dell Inspiron 7440 - N4I5006W1 (Core 5 120U, 16GB, 1TB, Full HD+, Cảm ứng, OfficeHS, Win11)",28890000,VND,thegioididong,https://www.thegioididong.com/laptop/dell-inspiron-7440-core-5-n4i5006w1,2025-11-23 12:25:06,1300.0,2025-11-23,12
['ASUS'],"Laptop Asus Zenbook 14 UM3406KA - PP590WS (R7 AI 350, 32GB, 1TB, 3K OLED 120Hz, OfficeH24+365, Win11)",28990000,VND,thegioididong,https://www.thegioididong.com/laptop/asus-zenbook-14-um3406ka-r7-ai-350-pp590ws,2025-11-23 12:25:06,160.0,2025-11-23,12
['DELL'],"Laptop Dell Inspiron 14 5440 - NDY5V1 (i5 1334U, 16GB, 512GB, Full HD+, OfficeHS, Win11)",19990000,VND,thegioididong,https://www.thegioididong.com/laptop/dell-inspiron-14-5440-i5-ndy5v1,2025-11-23 12:25:07,5170.0,2025-11-23,12
['HP'],"Laptop HP OmniBook 5 AI 16 af1046TU - BZ7Q8PA (Ultra 5 225U, 16GB, 512GB, WUXGA, Cảm ứng, OfficeH24, Win11)",22990000,VND,thegioididong,https://www.thegioididong.com/laptop/hp-omnibook-5-ai-16-af1046tu-ultra-5-225u-bz7q8pa,2025-11-23 12:25:08,730.0,2025-11-23,12
['DELL'],"Laptop Dell Inspiron 14 5440 - N4I7204W1 (Core 7 150U, 16GB, 512GB, Full HD+, OfficeHS, Win11)",24490000,VND,thegioididong,https://www.thegioididong.com/laptop/dell-inspiron-14-5440-core-7-n4i7204w1,2025-11-23 12:25:09,8520.0,2025-11-23,12
['LENOVO'],"Laptop Lenovo ThinkBook 16 G8 IRL - 21SH0097VN (Core 5 210H, 16GB, 512GB, WUXGA, Win11)",21190000,VND,thegioididong,https://www.thegioididong.com/laptop/lenovo-thinkbook-16-g8-irl-core-5-21sh0097vn,2025-11-23 12:25:09,380.0,2025-11-23,12
['ASUS'],"Laptop Asus Vivobook 14 A1407CA - LY008WS (Ultra 5 225H, 16GB, 512GB, WUXGA, OfficeH24+365, Win11)",19690000,VND,thegioididong,https://www.thegioididong.com/laptop/asus-vivobook-14-a1407ca-ultra-5-ly008ws,2025-11-23 12:25:09,130.0,2025-11-23,12
['LENOVO'],"Laptop Lenovo Gaming LOQ 15AHP10 - 83JG0047VN (R7 250, 16GB, 512GB, RTX 5050 8GB, Full HD 144Hz, Win11)",30690000,VND,thegioididong,https://www.thegioididong.com/laptop/lenovo-gaming-loq-15ahp10-r7-83jg0047vn,2025-11-23 12:25:10,350.0,2025-11-23,12
['MSI'],"Laptop MSI Prestige 14 AI Studio C1UDXG - 058VN (Ultra 7 155H, 16GB, 1TB, RTX 3050 6GB, Full HD+ 144Hz, Win11)",29190000,VND,thegioididong,https://www.thegioididong.com/laptop/msi-prestige-14-ai-studio-c1udxg-ultra-7-058vn,2025-11-23 12:25:10,430.0,2025-11-23,12
['ASUS'],"Laptop Asus Vivobook 16 A1607CA - MB038WS (Ultra 5 225H, 16GB, 512GB, WUXGA, OfficeH24+365, Win11)",19990000,VND,thegioididong,https://www.thegioididong.com/laptop/asus-vivobook-16-a1607ca-ultra-5-mb038ws,2025-11-23 12:25:12,3200.0,2025-11-23,12
['DELL'],"Laptop Dell Inspiron 14 5440 - N4I5211W1 (Core 5 120U, 16GB, 512GB, Full HD+, OfficeHS, Win11)",22890000,VND,thegioididong,https://www.thegioididong.com/laptop/dell-inspiron-14-5440-core-5-n4i5211w1,2025-11-23 12:25:15,2130.0,2025-11-23,12
['HP'],"Laptop HP OmniBook UF 14 fh0095TU - BZ7S2PA (Ultra 9 288V, 32GB, 1TB, 2.8K OLED 120Hz, Cảm ứng, OfficeH24, Win11)",52290000,VND,thegioididong,https://www.thegioididong.com/laptop/hp-omnibook-uf-14-fh0095tu-ultra-9-288v-bz7s2pa,2025-11-23 12:25:15,10.0,2025-11-23,12
['ASUS'],"Laptop Asus Vivobook S 16 OLED S5606MA - MX050W (Ultra 5 125H, 16GB, 512GB, 3.2K OLED 120Hz, Win11)",22990000,VND,thegioididong,https://www.thegioididong.com/laptop/asus-vivobook-s-16-oled-s5606ma-ultra-5-mx050w,2025-11-23 12:25:18,16000.0,2025-11-23,12
['DELL'],"Laptop Dell Inspiron 7440 - N7440-C7U161W11IBU (Core 7 150U, 16GB, 1TB, Full HD+, Cảm ứng, OfficeHS, Win11)",29890000,VND,thegioididong,https://www.thegioididong.com/laptop/dell-inspiron-7440-core-7-n7440c7u161w11ibu,2025-11-23 12:25:18,3920.0,2025-11-23,12
['LENOVO'],"Laptop Lenovo Gaming Legion 7 16IAX10 - 83KY001VVN (Ultra 9 275HX, 32GB, 1TB, RTX 5070 8GB, WQXGA OLED 240Hz, OfficeH24, Win11)",68290000,VND,thegioididong,https://www.thegioididong.com/laptop/lenovo-gaming-legion-7-16iax10-ultra-9-275hx-83ky001vvn,2025-11-23 12:25:19,10.0,2025-11-23,12
['MSI'],"Laptop MSI Gaming Katana A15 AI B8VG - 465VN (R7 8845HS, 16GB, 1TB, RTX 4070 8GB, Full HD 144Hz, Win11)",35110000,VND,thegioididong,https://www.thegioididong.com/laptop/msi-katana-a15-ai-b8vg-r7-465vn,2025-11-23 12:25:20,250.0,2025-11-23,12
['ASUS'],"Laptop Asus TUF Gaming F16 FX608JMR - RV048W (i7 14650HX, 16GB, 1TB, RTX 5060 8GB, WUXGA 165Hz, Win11)",36690000,VND,thegioididong,https://www.thegioididong.com/laptop/asus-tuf-gaming-f16-fx608jmr-i7-rv048w,2025-11-23 12:25:20,430.0,2025-11-23,12
['HP'],"Laptop HP Gaming VICTUS 16 s0078AX - 8C5N7PA (R5 7640HS, 16GB, 512GB, RTX 3050 6GB, Full HD 144Hz, Win11)",19690000,VND,thegioididong,https://www.thegioididong.com/laptop/hp-victus-16-s0078ax-r5-8c5n7pa,2025-11-23 12:25:21,2160.0,2025-11-23,12
['HP'],"Laptop HP Probook 450 G10 - 9H1N5PT (i5 1335U, 16GB, 512GB, Full HD, Win11)",20490000,VND,thegioididong,https://www.thegioididong.com/laptop/hp-probook-450-g10-i5-9h1n5pt,2025-11-23 12:25:22,3240.0,2025-11-23,12
['MSI'],"Laptop MSI Modern 14 F1MG - 432VN (Core 5 120U, 16GB, 512GB, Full HD, Win11)",17290000,VND,thegioididong,https://www.thegioididong.com/laptop/msi-modern-14-f1mg-core-5-432vn,2025-11-23 12:25:22,200.0,2025-11-23,12
['ASUS'],"Laptop Asus Vivobook 15 OLED A1505ZA - MA415W (i5 12500H, 16GB, 512GB, 2.8K OLED 120Hz, Win11)",15490000,VND,thegioididong,https://www.thegioididong.com/laptop/asus-asus-vivobook-15-oled-a1505za-i5-ma415w,2025-11-23 12:25:23,79000.0,2025-11-23,12
['HP'],"Laptop HP EliteBook 6 G1i 13 - BQ9M6PT (Ultra 7 255U, 16GB, 512GB, WUXGA, Win11)",29490000,VND,thegioididong,https://www.thegioididong.com/laptop/hp-elitebook-6-g1i-13-ultra-7-255u-bq9m6p,2025-11-23 12:25:23,50.0,2025-11-23,12
['LENOVO'],"Laptop Lenovo IdeaPad Slim 5 OLED 14AKP10 - 83HX0065VN (R5 AI 340, 32GB, 512GB, WUXGA OLED, Win11)",23890000,VND,thegioididong,https://www.thegioididong.com/laptop/lenovo-ideapad-slim-5-oled-14akp10-r5-ai-350-83hx0065vn,2025-11-23 12:25:24,4450.0,2025-11-23,12
['LENOVO'],"Laptop Lenovo V14 G4 - 83A00012VN (i7 1355U, 16GB, 512GB, Full HD, Win11)",17890000,VND,thegioididong,https://www.thegioididong.com/laptop/lenovo-thinkpad-v14-i7-83a00012vn,2025-11-23 12:25:24,5390.0,2025-11-23,12
['DELL'],"Laptop Dell Inspiron 15 3530 - 71043888 (i7 1355U, 16GB, 512GB, Full HD 120Hz, OfficeHS, Win11)",20990000,VND,thegioididong,https://www.thegioididong.com/laptop/dell-inspiron-15-3530-i7-71043888,2025-11-23 12:25:24,13000.0,2025-11-23,12
['HP'],"Laptop HP 240R G10 - C3RU7AT (Core 5 120U, 16GB, 512GB, Full HD, Win11)",17190000,VND,thegioididong,https://www.thegioididong.com/laptop/hp-240r-g10-core-5-120u-c3ru7at,2025-11-23 12:25:24,,2025-11-23,12
['LENOVO'],"Laptop Lenovo Ideapad Slim 3 14IRH10 - 83K0000BVN (i5 13420H, 16GB, 512GB, WUXGA OLED, Win11)",17890000,VND,thegioididong,https://www.thegioididong.com/laptop/lenovo-ideapad-slim-3-oled-14irh10-i5-83k0000bvn,2025-11-23 12:25:25,40.0,2025-11-23,12
['GIGABYTE'],"Laptop GIGABYTE Gaming G6 MF RC56 - 9RC56MF0HJIIXIVN000 (i7 13620H, 16GB, 512GB, RTX 4050 6GB, WUXGA 165Hz, Win11)",23390000,VND,thegioididong,https://www.thegioididong.com/laptop/gigabyte-g6-mf-rc56-i7-9rc56mf0hjiixivn000,2025-11-23 12:25:26,1730.0,2025-11-23,12
['DELL'],"Laptop Dell Latitude 3450 - L3450-1335U-16512W (i5 1335U, 16GB, 512GB, Full HD, Win11)",18590000,VND,thegioididong,https://www.thegioididong.com/laptop/dell-latitude-3450-i5-l34501335u16512w,2025-11-23 12:25:26,2560.0,2025-11-23,12
['ASUS'],"Laptop Asus Zenbook 14 OLED UX3405MA - PP152W (Ultra 7 155H, 32GB, 1TB, 2.8K OLED 120Hz, Win11)",28690000,VND,thegioididong,https://www.thegioididong.com/laptop/asus-zenbook-14-oled-ux3405ma-ultra-7-pp152w,2025-11-23 12:25:26,6790.0,2025-11-23,12
['DELL'],"Laptop Dell 15 DC15250 - DC5I7748W1 (i7 1355U, 16GB, 512GB, Full HD 120Hz, OfficeH24+365, Win11)",20990000,VND,thegioididong,https://www.thegioididong.com/laptop/dell-15-dc15250-i7-dc5i7748w1,2025-11-23 12:25:27,8120.0,2025-11-23,12
['MSI'],"Laptop MSI Gaming Katana 15 B13UDXK - 2410VN (i5 13420H, 16GB, 512GB, RTX 3050 6GB, Full HD 144Hz, Win11)",20690000,VND,thegioididong,https://www.thegioididong.com/laptop/msi-katana-15-b13udxk-i5-2410vn,2025-11-23 12:25:27,560.0,2025-11-23,12
['MSI'],"Laptop MSI Venture A15 AI A2HMG - 003VN (R7 260, 16GB, 512GB, Full HD 144Hz, Win11)",19690000,VND,thegioididong,https://www.thegioididong.com/laptop/msi-venture-a15-ai-a2hmg-r7-003vn,2025-11-23 12:25:27,110.0,2025-11-23,12
['DELL'],"Laptop Dell Inspiron 15 3530 - N5I7421W1 (i7 1355U, 16GB, 512GB,  Full HD 120Hz, OfficeHS24+365, Win11)",20990000,VND,thegioididong,https://www.thegioididong.com/laptop/dell-inspiron-15-3530-i7-1355u-n5i7421w1,2025-11-23 12:25:27,8380.0,2025-11-23,12
['DELL'],"Laptop Dell Inspiron 15 3520 - 71053682 (i7 1255U, 16GB, 512GB, Full HD 120Hz, OfficeHS, Win11)",18990000,VND,thegioididong,https://www.thegioididong.com/laptop/dell-inspiron-15-3520-i7-71053682,2025-11-23 12:25:28,22000.0,2025-11-23,12
UNKNOWN,"Lộ diện TOP 10 laptop học sinh sinh viên siêu bền, chất lượng tại TGDĐ",25290000,VND,thegioididong,https://www.thegioididong.com/hoi-dap/top-5-laptop-danh-cho-hoc-sinh-sinh-vien-977362,2025-11-23 12:25:22,,2025-11-23,12
['ACER'],"Laptop Acer Aspire Lite 16 AI AL16 71P 5674 - NX.D4XSV.001 (Ultra 5 125H, 16GB, 512GB, Full HD+, Win11)",17490000,VND,thegioididong,https://www.thegioididong.com/laptop/acer-aspire-lite-16-ai-al16-71p-5674-ultra-5-125h-nx-d4xsv-001,2025-11-23 12:25:28,1870.0,2025-11-23,12
['HP'],"Laptop HP 15 fd0234TU - 9Q969PA-120U (Core 5 120U, 16GB, 512GB, Full HD, Win11)",16790000,VND,thegioididong,https://www.thegioididong.com/laptop/hp-15-fd0234tu-core-5-120u-9q969pa-120u,2025-11-23 12:25:29,12000.0,2025-11-23,12
['GIGABYTE'],"Laptop GIGABYTE Gaming A16 GA6H - GAMING-A16-CVHI3VN893SH (i7 13620H, 16GB, 512GB, RTX5060 8GB, WUXGA 165Hz, Win11)",31190000,VND,thegioididong,https://www.thegioididong.com/laptop/gigabyte-a16-ga6h-i7-13620h-gaming-a16-cvhi3vn893sh,2025-11-23 12:25:30,140.0,2025-11-23,12
['ACER'],"Laptop Acer Aspire Lite 14 51M 59BN - NX.KTXSV.001 (i5 1235U, 16GB, 512GB, Full HD+, Win11)",13690000,VND,thegioididong,https://www.thegioididong.com/laptop/acer-aspire-lite-14-51m-59bn-i5-nxktxsv001,2025-11-23 12:25:30,33000.0,2025-11-23,12
['LENOVO'],"Laptop Lenovo ThinkPad X1 Carbon - 21NX0038VN (Ultra 5 225H, 32GB, 1TB, WUXGA, Win11 Pro)",51690000,VND,thegioididong,https://www.thegioididong.com/laptop/lenovo-thinkpad-x1-carbon-ultra-5-21nx0038vn,2025-11-23 12:25:30,,2025-11-23,12
['MSI'],"Laptop MSI Gaming Thin 15 B13UC - 1411VN (i7 13620H, 32GB, 512GB, RTX 3050 4GB, Full HD 144Hz, Win11)",22090000,VND,thegioididong,https://www.thegioididong.com/laptop/msi-thin-15-b13uc-i7-1411vn,2025-11-23 12:25:30,6010.0,2025-11-23,12
['LENOVO'],"Laptop Lenovo Gaming LOQ 15ARP9 - 83JC00LVVN (R5 7235HS, 16GB, 512GB, RTX 3050 6GB, Full HD 144Hz, Win11)",22390000,VND,thegioididong,https://www.thegioididong.com/laptop/lenovo-gaming-loq-15arp9-r5-83jc00lvvn,2025-11-23 12:25:31,670.0,2025-11-23,12
['DELL'],"Laptop Dell Inspiron 14 5441 - 5MNK1 (X1P 64 100, 16GB, 512GB, Full HD+, OfficeH24+365, Win11)",26990000,VND,thegioididong,https://www.thegioididong.com/laptop/dell-inspiron-14-5441-x1p-64-100-5mnk1,2025-11-23 12:25:31,530.0,2025-11-23,12
['HP'],"Laptop HP Pavilion 15 eg3091TU - 8C5L2PA (i7 1355U, 16GB, 512GB, Full HD, Win11)",21090000,VND,thegioididong,https://www.thegioididong.com/laptop/hp-pavilion-15-eg3091tu-i7-8c5l2pa,2025-11-23 12:25:31,25000.0,2025-11-23,12
['LENOVO'],"Laptop Lenovo IdeaPad Slim 3 15IRH10 - 83K1000FVN (i7 13620H, 24GB, 512GB, WUXGA, Win11)",19290000,VND,thegioididong,https://www.thegioididong.com/laptop/lenovo-ideapad-slim-3-15irh10-i7-83k1000fvn,2025-11-23 12:25:31,21000.0,2025-11-23,12
['MSI'],"Laptop MSI Gaming Katana 15 HX B14WFK - 267VN (i7 14650HX, 32GB, 512GB, RTX5060 8GB, QHD 165Hz, Win11)",37090000,VND,thegioididong,https://www.thegioididong.com/laptop/msi-katana-15-hx-b14wfk-i7-14650hx-267vn,2025-11-23 12:25:32,80.0,2025-11-23,12
['HP'],"Laptop HP 15 fc0085AU - A6VV8PA (R5 7430U, 16GB, 512GB, Full HD, Win11)",13490000,VND,thegioididong,https://www.thegioididong.com/laptop/hp-15-fc0085au-r5-a6vv8pa,2025-11-23 12:25:33,177000.0,2025-11-23,12
['ASUS'],"Laptop Asus Vivobook 14 X1404VA - EB155WS (Core 5 120U, 16GB, 512GB, Full HD, OfficeH24+365, Win11)",16990000,VND,thegioididong,https://www.thegioididong.com/laptop/asus-vivobook-14-x1404va-core-5-eb155ws,2025-11-23 12:25:33,15000.0,2025-11-23,12
['MACBOOK'],Laptop MacBook Pro 14 inch M4 16GB/1TB,43590000,VND,thegioididong,https://www.thegioididong.com/laptop/macbook-pro-14-inch-m4-16gb-1tb,2025-11-23 12:25:34,1180.0,2025-11-23,12
['MACBOOK'],Laptop MacBook Pro 14 inch M5 16GB/512GB,41990000,VND,thegioididong,https://www.thegioididong.com/laptop/macbook-pro-14-inch-m5-16gb-512gb,2025-11-23 12:25:34,,2025-11-23,12
['HP'],"Laptop HP 240 G10 - B73TJAT (i3 1315U, 8GB, 512GB, Full HD, Win11)",11690000,VND,thegioididong,https://www.thegioididong.com/laptop/hp-240-g10-i3-b73tjat,2025-11-23 12:25:34,14000.0,2025-11-23,12
['ACER'],"Laptop Acer Gaming Nitro V 15 ANV15 41 R1JY - NH.QPFSV.001 (R5 6600H, 16GB, 512GB, RTX 3050 6GB, Full HD 165Hz, Win11)",19990000,VND,thegioididong,https://www.thegioididong.com/laptop/acer-nitro-v-15-anv15-41-r1jy-r5-nhqpfsv001,2025-11-23 12:25:35,22000.0,2025-11-23,12
['ASUS'],"Laptop Asus Vivobook S16 S3607CA - SH083WS (Ultra 7 255H, 16GB, 512GB, Full HD OLED, OfficeH24+365, Win11)",24990000,VND,thegioididong,https://www.thegioididong.com/laptop/asus-vivobook-s16-s3607ca-ultra-7-255h-sh083ws,2025-11-23 12:25:36,60.0,2025-11-23,12
['HP'],"Laptop HP EliteBook 635 Aero G11 - B91D3PT (R7 8840HS, 32GB, 512GB, WUXGA, Win11)",27190000,VND,thegioididong,https://www.thegioididong.com/laptop/hp-elitebook-635-aero-g11-r7-b91d3pt,2025-11-23 12:25:37,1190.0,2025-11-23,12
['GIGABYTE'],"Laptop GIGABYTE Gaming A16 GA6H - GAMING-A16-CTHH3VN893SH (i5 13420H, 16GB, 512GB, RTX5050 8GB, WUXGA 165Hz, Win11)",26190000,VND,thegioididong,https://www.thegioididong.com/laptop/gigabyte-a16-ga6h-i5-13420h-gaming-a16-cthh3vn893sh,2025-11-23 12:25:37,70.0,2025-11-23,12
['MSI'],"Laptop MSI Gaming Katana 15 HX B14WFK - 025VN (i7 14650HX, 16GB, 512GB, RTX5060 8GB, QHD 165Hz, Win11)",35090000,VND,thegioididong,https://www.thegioididong.com/laptop/msi-katana-15-hx-b14wfk-i7-14650hx-025vn,2025-11-23 12:25:38,70.0,2025-11-23,12
['DELL'],"Laptop Dell Inspiron 15 3530 - P16WD (i7 1355U, 16GB, 1TB, Full HD 120Hz, OfficeHS, Win11)",21990000,VND,thegioididong,https://www.thegioididong.com/laptop/dell-inspiron-15-3530-i7-p16wd,2025-11-23 12:25:38,30000.0,2025-11-23,12
['LENOVO'],"Laptop Lenovo Ideapad Slim 3 16IRH10 - 83K20003VN (i5 13420H, 24GB, 512GB, WUXGA, Win11)",16390000,VND,thegioididong,https://www.thegioididong.com/laptop/lenovo-ideapad-slim-3-16irh10-i5-83k20003vn,2025-11-23 12:25:40,23000.0,2025-11-23,12
['ASUS'],"Laptop Asus Vivobook 16 X1605VA - MB360W (i5 1335U, 16GB, 512GB, WUXGA, Win11)",14590000,VND,thegioididong,https://www.thegioididong.com/laptop/asus-vivobook-16-x1605va-i5-mb360w,2025-11-23 12:25:40,55000.0,2025-11-23,12
['DELL'],"Laptop Dell Inspiron 15 3530 - N3530-i7U161W11BLU-FP (i7 1355U, 16GB, 1TB, Full HD 120Hz, OfficeHS, Win11)",21990000,VND,thegioididong,https://www.thegioididong.com/laptop/dell-inspiron-15-3530-i7-n3530i7u161w11blufp,2025-11-23 12:25:40,5060.0,2025-11-23,12
['ASUS'],"Laptop Asus Gaming Vivobook K3605VC - RP364W (i5 13420H, 16GB, 512GB, RTX 3050 4GB, WUXGA 144Hz, Win11)",19190000,VND,thegioididong,https://www.thegioididong.com/laptop/asus-k3605vc-i5-rp364w,2025-11-23 12:25:40,11000.0,2025-11-23,12
['HP'],"Laptop HP Pavilion X360 14 ek2017TU - 9Z2V5PA (Core 5 120U, 16GB, 512GB, Full HD, Cảm ứng, Win11)",21890000,VND,thegioididong,https://www.thegioididong.com/laptop/hp-pavilion-x360-14-ek2017tu-core-5-9z2v5pa,2025-11-23 12:25:42,2370.0,2025-11-23,12
['ASUS'],"Laptop Asus Gaming ROG Zephyrus G16 GU605CM - QR078W (Ultra 9 285H, 32GB, 1TB, RTX 5060 8GB, WQXGA OLED 240Hz, Win11)",59190000,VND,thegioididong,https://www.thegioididong.com/laptop/asus-rog-zephyrus-g16gu605cm-ultra-9-qr078w,2025-11-23 12:25:42,40.0,2025-11-23,12
['HP'],"Laptop HP 15 fr0036TU - BZ7U2PA (i5 13420H, 16GB, 512GB, Full HD, Win11)",16890000,VND,thegioididong,https://www.thegioididong.com/laptop/hp-15-fr0036tu-i5-13420h-bz7u2pa,2025-11-23 12:25:42,5810.0,2025-11-23,12
['MSI'],"Laptop MSI Gaming Thin 15 B12UC - 2045VN (i5 12450H, 16GB, 512GB, RTX 3050 4GB, Full HD 144Hz, Win11)",16690000,VND,thegioididong,https://www.thegioididong.com/laptop/msi-thin-15-b12uc-i5-2045vn,2025-11-23 12:25:42,13000.0,2025-11-23,12
['ACER'],"Laptop Acer Gaming Aspire A515 58GM 53PZ - NX.KQ4SV.008 (i5 13420H, 8GB, 512GB, RTX 2050 4GB, Full HD, Win11)",15990000,VND,thegioididong,https://www.thegioididong.com/laptop/acer-aspire-a515-58gm-53pz-i5-nxkq4sv008,2025-11-23 12:25:43,14000.0,2025-11-23,12
['DELL'],"Laptop Dell Inspiron 15 3520 - 71054775 (i5 1235U, 16GB, 512GB, Full HD 120Hz, OfficeH24+365, KYHD, Win11)",15990000,VND,thegioididong,https://www.thegioididong.com/laptop/dell-inspiron-15-3520-i5-71054775,2025-11-23 12:25:43,5170.0,2025-11-23,12
['MSI'],"Laptop MSI Gaming Sword 16 HX B14VFKG - 045VN (i7 14700HX, 16GB, 1TB, RTX 4060 8GB, QHD+ 240Hz, Win11)",35690000,VND,thegioididong,https://www.thegioididong.com/laptop/msi-gaming-sword-16-hx-b14vfkg-i7-045vn,2025-11-23 12:25:44,2060.0,2025-11-23,12
['ASUS'],"Laptop Asus Vivobook 15 OLED A1505VA - L1341W (i5 13500H, 16GB, 512GB, Full HD OLED, Win11)",15490000,VND,thegioididong,https://www.thegioididong.com/laptop/asus-vivobook-15-oled-a1505va-i5-l1341w,2025-11-23 12:25:44,41000.0,2025-11-23,12
['LENOVO'],"Laptop Lenovo V14 - 83HD0001VN (Core 5 120U, 16GB, 512GB, Full HD, Win11)",17290000,VND,thegioididong,https://www.thegioididong.com/laptop/lenovo-v14-core-5-83hd0001vn,2025-11-23 12:25:45,940.0,2025-11-23,12
['ACER'],"Laptop Acer Gaming Aspire 7 A715 59G 73LB - NH.QX6SV.002 (i7 12650H, 16GB, 512GB, RTX 3050 6GB, Full HD 144Hz, Win11)",23290000,VND,thegioididong,https://www.thegioididong.com/laptop/acer-aspire-7-a715-59g-73lb-i7-12650h-nh-qx6sv-002,2025-11-23 12:25:46,1980.0,2025-11-23,12
['HP'],"Laptop HP Probook 4 G1i 16 - BQ5E1PT (Ultra 7 255U, 16GB, 512GB, WUXGA, Win11)",28490000,VND,thegioididong,https://www.thegioididong.com/laptop/hp-probook-4-g1i-16-ultra-7-255u-bq5e1pt,2025-11-23 12:25:46,90.0,2025-11-23,12
['MSI'],"Laptop MSI Gaming Katana 15 B13VEK - 2256VN (i7 13620H, 16GB, 512GB, RTX4050 6GB, Full HD 144Hz, Win11)",25190000,VND,thegioididong,https://www.thegioididong.com/laptop/msi-katana-15-b13vek-i7-13620h-2256vn,2025-11-23 12:25:47,1380.0,2025-11-23,12
['HP'],"Laptop HP Gaming VICTUS 15 fa2731TX - B85LNPA (i5 13420H, 16GB, 512GB, RTX 3050 6GB, Full HD 144Hz, Win11)",21390000,VND,thegioididong,https://www.thegioididong.com/laptop/hp-victus-15-fa2731tx-i5-b85lnpa,2025-11-23 12:25:47,6900.0,2025-11-23,12
['HP'],"Laptop HP OmniBook X 14 fe1010QU - B53KBPA (X1P 42 100, 16GB, 512GB, 2.2K, Cảm ứng, OfficeHS+365, Win11)",28490000,VND,thegioididong,https://www.thegioididong.com/laptop/hp-omnibook-x-14-fe1010qu-x1p-42-100-b53kbpa,2025-11-23 12:25:47,150.0,2025-11-23,12
['ASUS'],"Laptop Asus Vivobook 15 OLED A1505VA - MA586WS (i9 13900H, 16GB, 512GB, 2.8K OLED 120Hz, OfficeHS, Win11)",21790000,VND,thegioididong,https://www.thegioididong.com/laptop/asus-vivobook-15-oled-a1505va-i9-ma586ws,2025-11-23 12:25:47,6010.0,2025-11-23,12
['DELL'],"Laptop Dell Inspiron 15 3530 - 71070372 (i5 1334U, 16GB, 512GB, Full HD 120Hz, OfficeH24+365, Win11)",17490000,VND,thegioididong,https://www.thegioididong.com/laptop/dell-inspiron-15-3530-i5-71070372,2025-11-23 12:25:49,19000.0,2025-11-23,12
['ACER'],"Laptop Acer Aspire 16 AI A16 71M 71U7 - NX.J4YSV.002 (Ultra 7 155H, 16GB, 512GB, Full HD+, Win11)",19690000,VND,thegioididong,https://www.thegioididong.com/laptop/acer-aspire-16-ai-a16-71m-71u7-ultra-7-nxj4ysv002,2025-11-23 12:25:49,1740.0,2025-11-23,12
['ACER'],"Laptop Acer Aspire Lite 14 AL14 51P 35QD - NX.J84SV.001 (i3 1305U, 8GB, 512GB, Full HD+, Win11)",10790000,VND,thegioididong,https://www.thegioididong.com/laptop/acer-aspire-lite-14-al14-51p-35qd-i3-nxj84sv001,2025-11-23 12:25:49,8690.0,2025-11-23,12
['DELL'],"Laptop Dell G15 5530 - i9HX161W11GR4060 (i9 13900HX, 16GB, 1TB, 8GB RTX4060, 15.6""F, 165Hz, OfficeHS, Win11)",40190000,VND,thegioididong,https://www.thegioididong.com/laptop/dell-g15-5530-i9-i9hx161w11gr4060,2025-11-23 12:25:50,1730.0,2025-11-23,12
['ACER'],"Laptop Acer Aspire Lite 15 AL15 41P R3QL - NX.J54SV.001 (R7 5700U, 8GB, 512GB, Full HD, Win11)",12390000,VND,thegioididong,https://www.thegioididong.com/laptop/acer-aspire-lite-15-al15-41p-r3ql-r7-nxj54sv001,2025-11-23 12:25:51,12000.0,2025-11-23,12
['DELL'],"Laptop Dell Inspiron 15 3530 - N3530-i5U165W11SLU (i5 1334U, 16GB, 512GB, Full HD 120Hz, OfficeHS, Win11)",17490000,VND,thegioididong,https://www.thegioididong.com/laptop/dell-inspiron-15-3530-i5-n3530i5u165w11slu,2025-11-23 12:25:52,18000.0,2025-11-23,12
['ASUS'],"Laptop Asus Vivobook 16 M1607KA - MB091WS (R7 AI 350, 16GB, 512GB, WUXGA, OfficeH24+365, Win11)",18090000,VND,thegioididong,https://www.thegioididong.com/laptop/asus-vivobook-16-m1607ka-r7-ai-350-mb091ws,2025-11-23 12:25:52,1130.0,2025-11-23,12
UNKNOWN,Top 10 laptop gaming dưới 35 triệu bán chạy nhất Thế Giới Di Động,25290000,VND,thegioididong,https://www.thegioididong.com/hoi-dap/top-10-laptop-gaming-duoi-35-trieu-ban-chay-nhat-the-gioi-1407251,2025-11-23 12:25:45,,2025-11-23,12
['HP'],"Laptop HP Gaming VICTUS 15 fa1139TX - 8Y6W3PA (i5 12450H, 16GB, 512GB, RTX 2050 4GB, Full HD 144Hz, Win11)",16990000,VND,thegioididong,https://www.thegioididong.com/laptop/hp-victus-15-fa1139tx-i5-8y6w3pa,2025-11-23 12:25:53,43000.0,2025-11-23,12
['HP'],"Laptop HP Pavilion 15 eg3095TU - 8C5L6PA-16G (i5 1335U, 16GB, 512GB, Full HD, Win11)",17790000,VND,thegioididong,https://www.thegioididong.com/laptop/hp-pavilion-15-eg3095tu-i5-8c5l6pa-16g,2025-11-23 12:25:53,2790.0,2025-11-23,12
['MSI'],"Laptop MSI Gaming GF63 Thin 12VE - 460VN (i5 12450H, 8GB, 512GB, RTX 4050 6GB, Full HD 144Hz, Win11)",19290000,VND,thegioididong,https://www.thegioididong.com/laptop/msi-gaming-gf63-thin-12ve-i5-460vn,2025-11-23 12:25:54,10000.0,2025-11-23,12
['MSI'],"Laptop MSI Gaming Vector 16 HX AI A2XWHG - 010VN_32GB (Ultra 7 255HX, 32GB, 512GB, RTX 5070Ti 12GB, QHD+ 240Hz, Win11)",50690000,VND,thegioididong,https://www.thegioididong.com/laptop/msi-vector-16-hx-ai-a2xwhg-ultra-7-255hx-010vn-32gb,2025-11-23 12:25:56,120.0,2025-11-23,12
['DELL'],"Laptop Dell Inspiron 14 5440 - 7FN5J (Core 7 150U, 16GB, 1TB, Full HD+, OfficeHS, Win11)",25490000,VND,thegioididong,https://www.thegioididong.com/laptop/dell-inspiron-14-5440-core-7-7fn5j,2025-11-23 12:25:56,13000.0,2025-11-23,12
['HP'],"Laptop HP 15 fd0303TU - A2NL4PA (i3 1315U, 8GB, 512GB, Full HD, Win11)",11590000,VND,thegioididong,https://www.thegioididong.com/laptop/hp-15-fd0303tu-i3-a2nl4pa,2025-11-23 12:25:56,104000.0,2025-11-23,12
['DELL'],"Laptop Dell Inspiron 15 3530 - N3530-i5U165W11SLU-HS24 (i5 1334U, 16GB, Full HD 120Hz, OfficeH24+365, Win11)",17490000,VND,thegioididong,https://www.thegioididong.com/laptop/dell-inspiron-15-3530-i5-n3530-i5u165w11slu-hs24,2025-11-23 12:25:57,8810.0,2025-11-23,12
['LENOVO'],"Laptop Lenovo Gaming LOQ 15IRX9 - 83DV003CVN (i5 13450HX, 16GB, 512GB, RTX 3050 6GB, Full HD 144Hz, Win11)",23390000,VND,thegioididong,https://www.thegioididong.com/laptop/lenovo-loq-15irx9-i5-83dv003cvn,2025-11-23 12:25:57,14000.0,2025-11-23,12
['DELL'],"Laptop Dell Inspiron 15 3520 - 71069748 (i7 1255U, 16GB, 512GB, Full HD 120Hz, OfficeH24+365, Win11)",18990000,VND,thegioididong,https://www.thegioididong.com/laptop/dell-inspiron-15-3520-i7-1255-71069748,2025-11-23 12:25:58,2200.0,2025-11-23,12
['ACER'],"Laptop Acer Aspire 5 A515 58M 79R7 - NX.KQ8SV.007 (i7 13620H, 16GB, 512GB, Full HD, Win11)",18690000,VND,thegioididong,https://www.thegioididong.com/laptop/acer-aspire-5-a515-58m-79r7-i7-nxkq8sv007,2025-11-23 12:25:58,4420.0,2025-11-23,12
['DELL'],"Laptop Dell Gaming Alienware 16 Aurora AC16250 - C7H161W11II5050 (Core 7 240H, 16GB, 1TB, RTX 5050 8GB, WQXGA 120Hz, OfficeH24+365, Win11)",36990000,VND,thegioididong,https://www.thegioididong.com/laptop/dell-alienware-16-aurora-ac16250-core-7-240h-c7h161w11ii5050,2025-11-23 12:25:59,590.0,2025-11-23,12
['HP'],"Laptop HP 15 fd1037TU - 9Z2W5PA (Core 7 150U, 16GB, 1TB, Full HD, Win11)",21190000,VND,thegioididong,https://www.thegioididong.com/laptop/hp-15-fd1037tu-core-7-150u-9z2w5pa,2025-11-23 12:25:59,420.0,2025-11-23,12
['DELL'],"Laptop Dell Inspiron 15 3520 - N5I7125W1 (i7 1255U, 16GB, 512GB, Full HD 120Hz, OfficeHS, KYHD, Win11)",18990000,VND,thegioididong,https://www.thegioididong.com/laptop/dell-inspiron-15-3520-i7-n5i7125w1,2025-11-23 12:25:59,21000.0,2025-11-23,12
['HP'],"Laptop HP Elitebook 635 Aero G11 - A8WS7PT (R7 8840HS, 16GB, 512GB, WUXGA, Win11)",25790000,VND,thegioididong,https://www.thegioididong.com/laptop/hp-elitebook-635-aero-g11-r7-a8ws7pt,2025-11-23 12:26:00,410.0,2025-11-23,12
['ASUS'],"Laptop Asus Vivobook 16 X1605VA - MB1876WS (i5 13420H, 16GB, 512GB, WUXGA, OfficeH24+365, Win11)",15190000,VND,thegioididong,https://www.thegioididong.com/laptop/asus-vivobook-16-x1605va-i5-mb1876ws,2025-11-23 12:26:01,11000.0,2025-11-23,12
['HP'],"Laptop HP 245 G10 - A20TDPT (R5 7530U, 8GB, 512GB, Full HD, Win11)",12590000,VND,thegioididong,https://www.thegioididong.com/laptop/hp-245-g10-r5-a20tdpt,2025-11-23 12:26:01,64000.0,2025-11-23,12
['HP'],"Laptop HP OmniBook X Flip 14 fm0076TU - BZ7P6PA (Ultra 7 258V, 32GB, 512GB, WUXGA, Cảm ứng, OfficeH24, Win11)",33490000,VND,thegioididong,https://www.thegioididong.com/laptop/hp-omnibook-x-flip-14-fm0076tu-ultra-7-258v-bz7p6pa,2025-11-23 12:26:01,,2025-11-23,12
['ASUS'],"Laptop Asus Vivobook S14 S5406SA - PP059WS (Ultra 7 258V, 32GB, 1TB, 2.8K OLED 120Hz, OfficeHS, Win11)",29990000,VND,thegioididong,https://www.thegioididong.com/laptop/asus-vivobook-s-14-s5406sa-ultra-7-pp059ws,2025-11-23 12:26:01,730.0,2025-11-23,12
['ACER'],"Laptop Acer Aspire Lite 16 G2 AL16 52P 76DU - NX.J2SSV.005 (i7 1355U, 16GB, 512GB, Full HD+, Win11)",17690000,VND,thegioididong,https://www.thegioididong.com/laptop/acer-aspire-lite-16-g2-al16-52p-76du-i7-nxj2ssv005,2025-11-23 12:26:01,5380.0,2025-11-23,12
['HP'],"Laptop HP Probook 4 G1i 16 - BQ5D4PT (Ultra 5 225U, 16GB, 512GB, WUXGA, Win11)",23990000,VND,thegioididong,https://www.thegioididong.com/laptop/hp-probook-4-g1i-16-ultra-5-225u-bq5d4pt,2025-11-23 12:26:02,120.0,2025-11-23,12
['DELL'],"Laptop Dell Inspiron 15 3520 - N3520-i7U165W11SLU-BL (i7 1255U, 16GB, 512GB, Full HD 120Hz, OfficeH24+365, Win11)",18990000,VND,thegioididong,https://www.thegioididong.com/laptop/dell-inspiron-15-3520-i7-n3520i7u165w11slu-bl,2025-11-23 12:26:02,4040.0,2025-11-23,12
['LENOVO'],"Laptop Lenovo ThinkPad E14 Gen 7 - 21SX005QVN (Ultra 5 225U, 32GB, 1TB, WUXGA, Win11)",26690000,VND,thegioididong,https://www.thegioididong.com/laptop/lenovo-thinkpad-e14-gen-7-ultra-5-225u-21sx005qvn,2025-11-23 12:26:03,490.0,2025-11-23,12
['ASUS'],"Laptop Asus TUF Gaming A15 FA507NVR - LP007W (R7 7435HS, 16GB, 512GB, RTX 4060 8GB, Full HD 144Hz, Win11)",25490000,VND,thegioididong,https://www.thegioididong.com/laptop/asus-fa507nvr-r7-lp007w,2025-11-23 12:26:04,6520.0,2025-11-23,12
['MSI'],"Laptop MSI Gaming Katana 15 B13VEK - 2416VN (i5 13420H, 16GB, 512GB, RTX 4050 6GB, Full HD 144Hz, Win11)",23290000,VND,thegioididong,https://www.thegioididong.com/laptop/msi-katana-15-b13vek-i5-2416vn,2025-11-23 12:26:04,370.0,2025-11-23,12
['MSI'],"Laptop MSI Venture A14 AI+ A3HMG - 004VN (R5 AI 340, 16GB, 512GB, 2.8K OLED 120Hz, Win11)",22690000,VND,thegioididong,https://www.thegioididong.com/laptop/msi-venture-a14-ai-a3hmg-r5-ai-340-004vn,2025-11-23 12:26:04,20.0,2025-11-23,12
['DELL'],"Laptop Dell Inspiron 15 3520 - N5I5057W1 (i5 1235U, 16GB, 512GB, Full HD 120Hz, OfficeHS+365, Win11)",15990000,VND,thegioididong,https://www.thegioididong.com/laptop/dell-inspiron-15-3520-i5-n5i5057w1,2025-11-23 12:26:04,59000.0,2025-11-23,12
['ASUS'],"Laptop Asus Vivobook S16 S3607VA - RP155WS (Core 5 210H, 16GB, 512GB, WUXGA 144Hz, OfficeH24+365, Win11)",19990000,VND,thegioididong,https://www.thegioididong.com/laptop/asus-vivobook-s16-s3607va-core-5-210h-rp155ws,2025-11-23 12:26:05,1090.0,2025-11-23,12
['MSI'],"Laptop MSI Gaming Katana 15 HX B14WEK - 286VN (i5 14450HX, 16GB, 512GB, RTX5050 8GB, QHD 165Hz, Win11)",30690000,VND,thegioididong,https://www.thegioididong.com/laptop/msi-katana-15-hx-b14wek-i5-14450hx-286vn,2025-11-23 12:26:06,80.0,2025-11-23,12
['MSI'],"Laptop MSI Gaming Katana 15 B13UDXK - 2077VN (i7 13620H, 16GB, 1TB, RTX 3050 6GB, Full HD 144Hz, Win11)",24290000,VND,thegioididong,https://www.thegioididong.com/laptop/msi-katana-15-b13udxk-i7-2077vn,2025-11-23 12:26:07,11000.0,2025-11-23,12
['MACBOOK'],Laptop MacBook Pro 14 inch M4 Pro 24GB/512GB,49990000,VND,thegioididong,https://www.thegioididong.com/laptop/macbook-pro-14-inch-m4-pro-24gb-512gb,2025-11-23 12:26:07,8380.0,2025-11-23,12
['HP'],"Laptop HP OmniBook X Flip 14 fm0088TU - BZ7Q2PA (Ultra 5 226V, 16GB, 512GB, WUXGA, Cảm ứng, OfficeH24+365B, Win11)",26990000,VND,thegioididong,https://www.thegioididong.com/laptop/hp-omnibook-x-flip-14-fm0088tu-ultra-5-226v-bz7q2pa,2025-11-23 12:26:07,,2025-11-23,12
['ACER'],"Laptop Acer Aspire Lite 15 AL15 72P 581V - NX.D4CSV.001 (i5 13500H, 16GB, 512GB, Full HD, Win11)",15090000,VND,thegioididong,https://www.thegioididong.com/laptop/acer-aspire-lite-15-al15-72p-581v-i5-13500h-nx-d4csv-001,2025-11-23 12:26:07,2670.0,2025-11-23,12
['LENOVO'],"Laptop Lenovo V15 G5 IRL - 83HF0000VN (Core 5 120U, 16GGB, 512GB, Full HD, Win11)",17990000,VND,thegioididong,https://www.thegioididong.com/laptop/lenovo-v15-g5-irl-core-5-83hf0000vn,2025-11-23 12:26:09,710.0,2025-11-23,12
['LENOVO'],"Laptop Lenovo IdeaPad Slim 3 14IRH10 - 83K00008VN (i5 13420H, 16GB, 512GB, WUXGA, Win11)",15390000,VND,thegioididong,https://www.thegioididong.com/laptop/lenovo-ideapad-slim-3-14irh10-i5-83k00008vn,2025-11-23 12:26:10,120.0,2025-11-23,12
['MSI'],"Laptop MSI Gaming Katana 15 B13VFK - 676VN (i7 13620H, 16GB, 1TB, RTX 4060 8GB, Full HD 144Hz, Win11)",29190000,VND,thegioididong,https://www.thegioididong.com/laptop/msi-katana-15-b13vfk-i7-676vn,2025-11-23 12:26:10,8080.0,2025-11-23,12
['MSI'],"Laptop MSI Prestige 16 AI+ Mercedes AMG B2VMG - 088VN (Ultra 9 288V, 32GB, 2TB, UHD+ OLED, Win 11)",49990000,VND,thegioididong,https://www.thegioididong.com/laptop/msi-prestige-16-ai-mercedes-amg-b2vmg-ultra-9-288v-088vn,2025-11-23 12:26:10,10.0,2025-11-23,12
['DELL'],"Laptop Dell Inspiron 14 5440 - 71059084 (Core 7 150U, 16GB, 1TB, MX570A 2GB, 2.2K, OfficeH24+365B, Win11)",30490000,VND,thegioididong,https://www.thegioididong.com/laptop/dell-inspiron-14-5440-core-7-150u-71059084,2025-11-23 12:26:10,10.0,2025-11-23,12
['HP'],"Laptop HP 15 fd0234TU - 9Q969PA (i5 1334U, 16GB, 512GB, Full HD, Win11)",15690000,VND,thegioididong,https://www.thegioididong.com/laptop/hp-15-fd0234tu-i5-9q969pa,2025-11-23 12:26:10,111000.0,2025-11-23,12
['LENOVO'],"Laptop Lenovo ThinkPad E14 Gen 7 - 21SX005RVN (Ultra 5 225U, 32GB, 512GB, WUXGA, Win11)",25590000,VND,thegioididong,https://www.thegioididong.com/laptop/lenovo-thinkpad-e14-gen-7-ultra-5-225u-21sx005rvn,2025-11-23 12:26:12,940.0,2025-11-23,12
['HP'],"Laptop HP 240 G10 - 9H2E4PT (i5 1335U, 16GB, 512GB, Full HD, Win11)",16390000,VND,thegioididong,https://www.thegioididong.com/laptop/hp-240-g10-i5-9h2e4pt,2025-11-23 12:26:13,19000.0,2025-11-23,12
['ACER'],"Laptop Acer Swift Lite 14 AI SFL14 51M 56HS - NX.J1HSV.002 (Ultra 5 125U, 16GB, 512GB, Full HD+, Win11)",18990000,VND,thegioididong,https://www.thegioididong.com/laptop/acer-swift-lite-14-ai-sfl14-51m-56hs-ultra-5-nxj1hsv002,2025-11-23 12:26:14,240.0,2025-11-23,12
['DELL'],"Laptop Dell Inspiron 14 5441 - N4O10441W1 (X1P 64 100, 16GB, 1TB, Full HD+, OfficeH24+365, Win11)",28990000,VND,thegioididong,https://www.thegioididong.com/laptop/dell-inspiron-14-5441-x1p-64-n4o10441w1,2025-11-23 12:26:14,510.0,2025-11-23,12
['ASUS'],"Laptop Asus TUF Gaming A15 FA506NFR - HN113W (R7 7435HS, 16GB, 512GB, RTX 2050 4GB, Full HD 144Hz, Win11)",16990000,VND,thegioididong,https://www.thegioididong.com/laptop/asus-fa506nfr-r7-hn113w,2025-11-23 12:26:14,21000.0,2025-11-23,12
['HP'],"Laptop HP Gaming VICTUS 15 fa2732TX - B85LPPA (i5 13420H, 16GB, 512GB, RTX 4050 6GB, Full HD 144Hz, Win11)",23390000,VND,thegioididong,https://www.thegioididong.com/laptop/hp-gaming-victus-15-fa2732tx-i5-13420h-b85lppa,2025-11-23 12:26:15,870.0,2025-11-23,12
['DELL'],"Laptop Dell Inspiron 15 3530 - P16WD22 (i5 1334U, 16GB, 512GB, Full HD 120Hz, OfficeH24+365, Win11)",17490000,VND,thegioididong,https://www.thegioididong.com/laptop/dell-inspiron-15-3530-i5-p16wd22,2025-11-23 12:26:15,15000.0,2025-11-23,12
['DELL'],"Laptop Dell 15 DC15250 - DC5I5357W1 (i5 1334U, 16GB, 512GB, Full HD 120Hz, OfficeH24+365, Win11)",17490000,VND,thegioididong,https://www.thegioididong.com/laptop/dell-15-dc15250-i5-dc5i5357w1,2025-11-23 12:26:15,4390.0,2025-11-23,12
['MSI'],"Laptop MSI Prestige 13 AI Evo A1MG - 062VN (Ultra 7 155H, 32GB, 1TB, 2.8K OLED, Win11)",33090000,VND,thegioididong,https://www.thegioididong.com/laptop/msi-prestige-13-ai-evo-a1mg-ultra-7-062vn,2025-11-23 12:26:17,760.0,2025-11-23,12
['ACER'],"Laptop Acer Aspire Lite 16 G2 AL16 52P 572A - NX.J2SSV.004 (i5 1334U, 16GB, 512GB, Full HD+, Win11)",14690000,VND,thegioididong,https://www.thegioididong.com/laptop/acer-aspire-lite-16-g2-al16-52p-572a-i5-nxj2ssv004,2025-11-23 12:26:17,9680.0,2025-11-23,12
['HP'],"Laptop HP Probook 450 G10 - 9H8H1PT (i7 1355U, 16GB, 512GB, Full HD, Win11)",23990000,VND,thegioididong,https://www.thegioididong.com/laptop/hp-probook-450-g10-i7-9h8h1pt,2025-11-23 12:26:18,1260.0,2025-11-23,12
['LENOVO'],"Laptop Lenovo IdeaPad Slim 3 15IRH10 - 83K1000GVN (i5 13420H, 24GB, 512GB, WUXGA, Win11)",16390000,VND,thegioididong,https://www.thegioididong.com/laptop/lenovo-ideapad-slim-3-15irh10-i5-83k1000gvn,2025-11-23 12:26:19,10.0,2025-11-23,12
['DELL'],"Laptop Dell Inspiron 15 3530 - 71053721 (i7 1355U, 16GB, 512GB, Full HD 120Hz, OfficeH24+365, Win11)",20990000,VND,thegioididong,https://www.thegioididong.com/laptop/dell-inspiron-15-3530-i7-71053721,2025-11-23 12:26:22,4810.0,2025-11-23,12
['ACER'],"Laptop Acer Gaming Nitro V ANV15 51 55CA - NH.QN8SV.004 (i5 13420H, 16GB, 512GB, RTX 4050 6GB, Full HD 144Hz, Win11)",23990000,VND,thegioididong,https://www.thegioididong.com/laptop/acer-nitro-v-anv15-51-55ca-i5-nhqn8sv004,2025-11-23 12:26:22,9800.0,2025-11-23,12
['MACBOOK'],Laptop MacBook Air 13 inch M4 16GB/256GB,25290000,VND,thegioididong,https://www.thegioididong.com/laptop/macbook-air-13-inch-m4-16gb-256gb,2025-11-23 12:26:23,57000.0,2025-11-23,12
['HP'],"Laptop HP Envy X360 14 fa0047AU - A19BPPA (R7 8840HS, 16GB, 1TB, 2.8K OLED, Cảm ứng, Win11)",30790000,VND,thegioididong,https://www.thegioididong.com/laptop/hp-envy-x360-14-fa0047au-r7-a19bppa,2025-11-23 12:26:23,970.0,2025-11-23,12
['HP'],"Laptop HP Pavilion 15 eg3112TU - 8U6L9PA (i7 1355U, 16GB, 512GB, Full HD, Win11)",21090000,VND,thegioididong,https://www.thegioididong.com/laptop/hp-pavilion-15-eg3112tu-i7-8u6l9pa,2025-11-23 12:26:23,4090.0,2025-11-23,12
['DELL'],"Laptop Dell Inspiron 15 3520 - N3520-i7U165W11BLU-FP (i7 1255U, 16GB, 512GB, Full HD 120Hz, OfficeHS, Win11)",18990000,VND,thegioididong,https://www.thegioididong.com/laptop/dell-inspiron-15-3520-i7-n3520i7u165w11blufp,2025-11-23 12:26:25,13000.0,2025-11-23,12
['HP'],"Laptop HP 240 G9 - AG2J5AT (i3 1215U, 8GB, 512GB, Full HD, Win11)",10390000,VND,thegioididong,https://www.thegioididong.com/laptop/hp-240-g9-i3-ag2j5at,2025-11-23 12:26:26,36000.0,2025-11-23,12
['LENOVO'],"Laptop Lenovo Ideapad Slim 3 15AMN8 - 82XQ00J0VN (R5 7520U, 16GB, 512GB, Full HD, Win11)",12690000,VND,thegioididong,https://www.thegioididong.com/laptop/lenovo-ideapad-slim-3-15amn8-r5-82xq00j0vn,2025-11-23 12:26:27,72000.0,2025-11-23,12
['ACER'],"Laptop Acer Aspire Lite 14 AL14 71P 55P9 - NX.D7USV.001 (i5 13500H, 16GB, 512GB, Full HD+, Win11)",14990000,VND,thegioididong,https://www.thegioididong.com/laptop/acer-aspire-lite-14-al14-71p-55p9-i5-13500h-nxd7usv001,2025-11-23 12:26:27,590.0,2025-11-23,12
['MSI'],"Laptop MSI Gaming GF63 Thin 12VE - 460VN (i5 12450H, 16GB, 512GB, RTX 4050 6GB, Full HD 144Hz, Win11)",20290000,VND,thegioididong,https://www.thegioididong.com/laptop/msi-gf63-thin-12ve-i5-460vn,2025-11-23 12:26:27,25000.0,2025-11-23,12
['ACER'],"Laptop Acer Aspire Lite 15 AL15 42P R08M - NX.D3QSV.001 (R7 7730U, 16GB, 512GB, Full HD, OfficeH24+365, Win11)",14490000,VND,thegioididong,https://www.thegioididong.com/laptop/acer-aspire-lite-15-al15-42p-r08m-r7-7730u-nx-d3qsv-001,2025-11-23 12:26:28,680.0,2025-11-23,12
['GIGABYTE'],"Laptop GIGABYTE Gaming AORUS MASTER 16 - AORUS-MASTER-16-BYHC5VNE64SH (Ultra 9 275HX, 32GB, 1TB, RTX 5080 16GB, WQXGA OLED 240Hz, Win11)",84490000,VND,thegioididong,https://www.thegioididong.com/laptop/gigabyte-aorus-master-16-ultra-9-16-byhc5vne64sh,2025-11-23 12:26:28,,2025-11-23,12
['LENOVO'],"Laptop Lenovo ThinkBook 16 G7 - 21MS007HVN (Ultra 7 155U, 32GB, 1TB, WUXGA, Win11)",27890000,VND,thegioididong,https://www.thegioididong.com/laptop/lenovo-thinkbook-16-g7-ultra-7-21ms007hvn,2025-11-23 12:26:28,1090.0,2025-11-23,12
['LENOVO'],"Laptop Lenovo IdeaPad Slim 3 15IRH10 - 83K1000HVN (i5 13420H, 16GB, 512GB, WUXGA, Win11)",15390000,VND,thegioididong,https://www.thegioididong.com/laptop/lenovo-ideapad-slim-3-15irh10-i5-83k1000hvn,2025-11-23 12:26:29,50000.0,2025-11-23,12
['LENOVO'],"Laptop Lenovo ThinkBook 16 - 21SK006YVN (Ultra 7 255H, 32GB, 1TB, WUXGA, Win11)",31090000,VND,thegioididong,https://www.thegioididong.com/laptop/lenovo-thinkbook-16-ultra-7-21sk006yvn,2025-11-23 12:26:29,710.0,2025-11-23,12
['ASUS'],"Laptop Asus Zenbook S 14 UX5406SA - PV140WS (Ultra 7 258V, 32GB, 1TB, 2.8K OLED 120Hz, OfficeHS, Win11)",39790000,VND,thegioididong,https://www.thegioididong.com/laptop/asus-ux5406sa-ultra-7-pv140ws,2025-11-23 12:26:30,930.0,2025-11-23,12
['LENOVO'],"Laptop Lenovo Gaming LOQ 15IRX9 - 83DV01ANVN (i5 13450HX, 16GB, 1TB, RTX 3050 6GB, Full HD 144Hz, Win11)",24390000,VND,thegioididong,https://www.thegioididong.com/laptop/lenovo-gaming-loq-15irx9-i5-83dv01anvn,2025-11-23 12:26:31,1100.0,2025-11-23,12
['ASUS'],"Laptop Asus Vivobook 15 X1504VA - BQ185WS (Core 5 120U, 16GB, 512GB, Full HD, OfficeH24+365, Win11)",17490000,VND,thegioididong,https://www.thegioididong.com/laptop/asus-x1504va-core-5-bq185ws,2025-11-23 12:26:32,20000.0,2025-11-23,12
['DELL'],"Laptop Dell Inspiron 15 3530 - N5I5340W1 (i5 1334U, 16GB, 512GB, Full HD 120Hz, OfficeHS, Win11)",17490000,VND,thegioididong,https://www.thegioididong.com/laptop/dell-inspiron-15-3530-i5-n5i5340w1,2025-11-23 12:26:32,14000.0,2025-11-23,12
['ASUS'],"Laptop Asus Vivobook 15 X1504ZA - NJ1546W (i5 1235U, 16GB, 512GB, Full HD, Win11)",13490000,VND,thegioididong,https://www.thegioididong.com/laptop/asus-vivobook-15-x1504za-i5-nj1546w,2025-11-23 12:26:32,22000.0,2025-11-23,12
['ACER'],"Laptop Acer Gaming Nitro V 15 ProPanel ANV15 52 59AA - NH.QZ9SV.002 (i5 13420H, 16GB, 512GB, RTX 5050 8GB, Full HD 180Hz, Win11)",27890000,VND,thegioididong,https://www.thegioididong.com/laptop/acer-nitro-v-15-propanel-anv15-52-59aa-i5-13420h-nh-qz9sv-002,2025-11-23 12:26:34,250.0,2025-11-23,12
['LENOVO'],"Laptop Lenovo IdeaPad 5 2in1 14IRH9 - 83KX003WVN (i5 13420H, 16GB, 512GB, WUXGA OLED, Cảm ứng, Win11)",20690000,VND,thegioididong,https://www.thegioididong.com/laptop/lenovo-ideapad-5-2in1-14irh9-i5-83kx003wvn,2025-11-23 12:26:34,5160.0,2025-11-23,12
['DELL'],"Laptop Dell Latitude 3450 - L3450-1335U-16512WN (i5 1335U, 16GB, 512GB, Full HD, Win11)",18590000,VND,thegioididong,https://www.thegioididong.com/laptop/dell-latitude-3450-i5-l34501335u16512wn,2025-11-23 12:26:35,14000.0,2025-11-23,12
['HP'],"Laptop HP Probook 455 G10 - B8PG7AT (R5 7530U, 16GB, 512GB, Full HD, Win11)",17290000,VND,thegioididong,https://www.thegioididong.com/laptop/hp-probook-455-g10-r5-b8pg7at,2025-11-23 12:26:36,3290.0,2025-11-23,12
['HP'],"Laptop HP 240R G10 - C3RU6AT (Core 3 100U, 8GB, 512GB, Full HD, Win11)",12390000,VND,thegioididong,https://www.thegioididong.com/laptop/hp-240r-g10-core-3-100u-c3ru6at,2025-11-23 12:26:36,,2025-11-23,12
['LENOVO'],"Laptop Lenovo Gaming LOQ 15IAX9 - 83GS00D9VN (i5 12450HX, 24GB, 512GB, RTX 3050 6GB, Full HD 144Hz, Win11)",22390000,VND,thegioididong,https://www.thegioididong.com/laptop/lenovo-loq-15iax9-i5-83gs00d9vn,2025-11-23 12:26:37,38000.0,2025-11-23,12
['HP'],"Laptop HP 15 fd0235TU - 9Q970PA (i5 1334U, 16GB, 512GB, Full HD, Win11)",15590000,VND,thegioididong,https://www.thegioididong.com/laptop/hp-15-fd0235tu-i5-9q970pa,2025-11-23 12:26:37,16000.0,2025-11-23,12
['HP'],"Laptop HP 15 fd1039TU - 9Z2W7PA (Core 7 150U, 16GB, 512GB, Full HD, Win11)",20090000,VND,thegioididong,https://www.thegioididong.com/laptop/hp-15-fd1039tu-core-7-150u-9z2w7pa,2025-11-23 12:26:38,130.0,2025-11-23,12
['ACER'],"Laptop Acer Aspire Lite 15 AL15 71P 517D - NX.J7KSV.001 (i5 12450H, 16GB, 512GB, Full HD, Win11)",14490000,VND,thegioididong,https://www.thegioididong.com/laptop/acer-aspire-lite-15-al15-71p-517d-i5-nxj7ksv001,2025-11-23 12:26:38,25000.0,2025-11-23,12
['HP'],"Laptop HP 240 G10 - B93GZAT (i5 1334U, 16GB, 512GB, Full HD, Win11)",16490000,VND,thegioididong,https://www.thegioididong.com/laptop/hp-240-g10-i5-b93gzat,2025-11-23 12:26:39,32000.0,2025-11-23,12
UNKNOWN,"Top 10 laptop nhỏ gọn, mỏng nhẹ và dễ di chuyển đáng mua nhất hiện nay",25290000,VND,thegioididong,https://www.thegioididong.com/hoi-dap/top-5-laptop-gon-nhe-de-di-chuyen-979855,2025-11-23 12:26:20,,2025-11-23,12
UNKNOWN,Chọn mua laptop cho doanh nhân - Một số hãng laptop không nên bỏ lỡ,25290000,VND,thegioididong,https://www.thegioididong.com/hoi-dap/chon-mua-laptop-cho-doanh-nhan-mot-so-hang-laptop-khong-1418324,2025-11-23 12:26:21,,2025-11-23,12
['HP'],"Laptop HP Pavilion X360 14 ek2024TU - 9Z2V6PA (Core 5 120U, 16GB, 512GB, Full HD, Cảm ứng, Win11)",22090000,VND,thegioididong,https://www.thegioididong.com/laptop/hp-pavilion-x360-14-ek2024tu-core-5-9z2v6pa,2025-11-23 12:26:40,,2025-11-23,12
['LENOVO'],"Laptop Lenovo IdeaPad Slim 5 OLED 14IRH10R - 83J0006DVN (Core 5 210H, 32GB, 512GB, WUXGA OLED, OfficeH24+365, Win11)",22690000,VND,thegioididong,https://www.thegioididong.com/laptop/lenovo-ideapad-slim-5-oled-14irh10r-core-5-83j0006dvn,2025-11-23 12:26:41,680.0,2025-11-23,12
UNKNOWN,"Laptop cũ chính hãng giá rẻ, tiết kiệm đến 60%, có trả góp",5240000,VND,thegioididong,https://www.thegioididong.com/may-doi-tra/laptop,2025-11-23 12:26:35,,2025-11-23,12
['ASUS'],"Laptop Asus Vivobook 15 X1504VA - NJ1634W (i3 1315U, 8GB, 512GB, Full HD, Win11)",12290000,VND,thegioididong,https://www.thegioididong.com/laptop/asus-vivobook-15-x1504va-i3-nj1634w,2025-11-23 12:26:41,53000.0,2025-11-23,12
['ASUS'],"Laptop Asus Vivobook 15 X1504VA - BQ2225WS (i5 1334U, 16GB, 512GB, Full HD, OfficeH24+365, Win11)",14390000,VND,thegioididong,https://www.thegioididong.com/laptop/asus-vivobook-15-x1504va-i5-bq2225ws,2025-11-23 12:26:42,13000.0,2025-11-23,12
['ASUS'],"Laptop Asus Zenbook 14 UX3405CA - PZ368WS (Ultra 7 255H, 16GB, 512GB, 2.8K OLED 120Hz, Cảm ứng, OfficeH24+365, Win11)",29890000,VND,thegioididong,https://www.thegioididong.com/laptop/asus-zenbook-14-ux3405ca-ultra-7-pz368ws,2025-11-23 12:26:44,760.0,2025-11-23,12
['LENOVO'],"Laptop Lenovo Yoga Slim 7 OLED 14ILL10 - 83JX0081VN (Ultra 7 258V, 32GB, 1TB, 2.8K OLED 120Hz, OfficeH24, Win11)",35990000,VND,thegioididong,https://www.thegioididong.com/laptop/lenovo-yoga-slim-7-oled-14ill10-ultra-7-258v-83jx0081vn,2025-11-23 12:26:44,10.0,2025-11-23,12
['DELL'],"Laptop Dell Inspiron 15 3520 - N3520-i5U165W11SLU-BL (i5 1235U, 16GB, 512GB, Full HD 120Hz, OfficeH24+365, Win11)",15990000,VND,thegioididong,https://www.thegioididong.com/laptop/dell-inspiron-15-3520-i5-n3520i5u165w11slubl,2025-11-23 12:26:44,14000.0,2025-11-23,12
['ASUS'],"Laptop Asus TUF Gaming F16 FX607VJ - RL035W (Core 5 210H, 16GB, 512GB, RTX 3050 6GB, Full HD+ 144Hz, Win11)",22490000,VND,thegioididong,https://www.thegioididong.com/laptop/asus-tuf-gaming-f16-fx607vj-core-5-rl035w,2025-11-23 12:26:45,1120.0,2025-11-23,12
['LENOVO'],"Laptop Lenovo IdeaPad Slim 5 OLED 14AKP10 - 83HX0066VN (R7 AI 350, 32GB, 512GB, WUXGA OLED, Win11)",26090000,VND,thegioididong,https://www.thegioididong.com/laptop/lenovo-ideapad-slim-5-oled-14akp10-r7-ai-350-83hx0066vn,2025-11-23 12:26:45,3340.0,2025-11-23,12
['HP'],"Laptop HP Gaming OMEN 16 am0127TX - BX8Y0PA (i9 14900HX, 32GB, 512GB, RTX 5070 8GB, WUXGA 165Hz, Win11)",53990000,VND,thegioididong,https://www.thegioididong.com/laptop/hp-gaming-omen-16-am0127tx-i9-14900hx-bx8y0pa,2025-11-23 12:26:45,20.0,2025-11-23,12
['HP'],"Laptop HP OmniBook 5 AI 16 af1052TU - C1MN6PA (Ultra 7 255U, 32GB, 512GB, WUXGA, Cảm ứng, OfficeH24, Win11)",28490000,VND,thegioididong,https://www.thegioididong.com/laptop/hp-omnibook-5-ai-16-af1052tu-ultra-7-255u-c1mn6pa,2025-11-23 12:26:46,,2025-11-23,12
['HP'],"Laptop HP OmniBook 7 14 fr0024TU - C1MN0PA (Ultra 7 255H, 32GB, 512GB, WUXGA, OfficeH24+365B, Win11)",29990000,VND,thegioididong,https://www.thegioididong.com/laptop/hp-omnibook-7-14-fr0024tu-ultra-7-255h-c1mn0pa,2025-11-23 12:26:47,,2025-11-23,12
['HP'],"Laptop HP Elitebook 630 G10 - 9J0B4PT (i5 1335U, 16GB, 512GB, Full HD, Win11)",20990000,VND,thegioididong,https://www.thegioididong.com/laptop/hp-elitebook-630-g10-i5-19j0b4pt,2025-11-23 12:26:47,5330.0,2025-11-23,12
['DELL'],"Laptop Dell 15 DC15250 - CPH99 (i5 1334U, 16GB, 512GB, Full HD 120Hz, OfficeH24+365B, Win11)",17490000,VND,thegioididong,https://www.thegioididong.com/laptop/dell-15-dc15250-i5-1334u-cph99,2025-11-23 12:26:47,70.0,2025-11-23,12
['ASUS'],"Laptop Asus Vivobook 14 X1404ZA - NK376W (i5 1235U, 16GB, 512GB, Full HD, Win11)",13490000,VND,thegioididong,https://www.thegioididong.com/laptop/asus-vivobook-x1404za-i5-nk376w,2025-11-23 12:26:48,77000.0,2025-11-23,12
['DELL'],"Laptop Dell Vostro 3530 - 80GG93 (i5 1335U, 16GB, 512GB, 15.6""F, 120Hz, OfficeHS, Win11)",17490000,VND,thegioididong,https://www.thegioididong.com/laptop/dell-vostro-3530-i5-80gg93,2025-11-23 12:26:49,18000.0,2025-11-23,12
['LENOVO'],"Laptop Lenovo Gaming LOQ 15IAX9E - 83LK000BVN (i5 12450HX, 16GB, 512GB, RTX 2050 4GB, Full HD 144Hz, Win11)",17690000,VND,thegioididong,https://www.thegioididong.com/laptop/lenovo-loq-15iax9e-i5-83lk000bvn,2025-11-23 12:26:49,31000.0,2025-11-23,12
['HP'],"Laptop HP OmniBook UF 14 fh0097TU - BZ7S3PA (Ultra 7 258V, 32GB, 1TB, 2.8K OLED 120Hz, Cảm ứng, OfficeH24, Win11)",49390000,VND,thegioididong,https://www.thegioididong.com/laptop/hp-omnibook-uf-14-fh0097tu-ultra-7-258v-bz7s3pa,2025-11-23 12:26:50,40.0,2025-11-23,12
['DELL'],"Laptop Dell Inspiron 15 3530 - P16WD21 (i5 1334U, 16GB, 512GB, Full HD 120Hz, OfficeH24+365, Win11)",17490000,VND,thegioididong,https://www.thegioididong.com/laptop/dell-inspiron-15-3530-i5-1334u-p16wd21,2025-11-23 12:26:51,5520.0,2025-11-23,12
['DELL'],"Laptop Dell Inspiron 15 3530 - N5I7301W1 (i7 1355U, 16GB, 512GB, Full HD 120Hz, Office365, KYHD, Win11)",20990000,VND,thegioididong,https://www.thegioididong.com/laptop/dell-inspiron-15-3530-i7-n5i7301w1,2025-11-23 12:26:51,11000.0,2025-11-23,12
['MSI'],"Laptop MSI Creator Z17 HX Studio A14VGT - 272VN (i7 14700HX, 32GB, 2TB, RTX 4070 8GB, QHD+ 165 Hz, Cảm ứng, Win11)",70690000,VND,thegioididong,https://www.thegioididong.com/laptop/msi-creator-z17-hx-studio-a14vgt-i7-272vn,2025-11-23 12:26:51,10.0,2025-11-23,12
['HP'],"Laptop HP Pavilion 15 eg2082TU - 7C0Q5PA (i5 1240P, 8GB, 512GB, Full HD, Win11)",15590000,VND,thegioididong,https://www.thegioididong.com/laptop/hp-pavilion-15-eg2082tu-i5-7c0q5pa,2025-11-23 12:26:52,36000.0,2025-11-23,12
['ACER'],"Laptop Acer Aspire Lite 15 AL15 42P R50R - NX.D34SV.004 (R5 7430U, 16GB, 512GB, Full HD, Win11)",12790000,VND,thegioididong,https://www.thegioididong.com/laptop/acer-aspire-lite-15-al15-42p-r50r-r5-7430u-nxd34sv004,2025-11-23 12:26:52,1090.0,2025-11-23,12
['LENOVO'],"Laptop Lenovo IdeaPad Slim 3 15IRH10 - 83K1000JVN (i7 13620H, 16GB, 512GB, WUXGA, Win11)",19990000,VND,thegioididong,https://www.thegioididong.com/laptop/lenovo-ideapad-slim-3-15irh10-i7-83k1000jvn,2025-11-23 12:26:53,50.0,2025-11-23,12
['ASUS'],"Laptop Asus Vivobook S16 M5606KA - RI016WS (R7 AI 350, 24GB, 512GB, 2.8K OLED 120Hz, OfficeH24+365, Win11)",25690000,VND,thegioididong,https://www.thegioididong.com/laptop/asus-vivobook-s-16-m5606ka-r7-ai-350-ri016ws,2025-11-23 12:26:54,880.0,2025-11-23,12
['HP'],"Laptop HP 15 fd1063TU - 9Z2Y1PA (Ultra 5 125H, 16GB, 512GB, Full HD, Win11)",17590000,VND,thegioididong,https://www.thegioididong.com/laptop/hp-15-fd1063tu-ultra-5-9z2y1pa,2025-11-23 12:26:54,15000.0,2025-11-23,12
['ACER'],"Laptop Acer Gaming Nitro Lite 16 NL16 71G 71UJ - NH.D59SV.002 (i7 13620H, 16GB, 512GB, RTX 3050 6GB, Full HD+ 165Hz, Win11)",24290000,VND,thegioididong,https://www.thegioididong.com/laptop/acer-nitro-lite-16-nl16-71g-71uj-i7-nhd59sv002,2025-11-23 12:26:55,720.0,2025-11-23,12
['DELL'],"Laptop Dell Inspiron 15 3520 - 71064798 (i5 1235U, 16GB, 512GB, Full HD 120Hz, OfficeH24+365, KYHD, Win11)",15990000,VND,thegioididong,https://www.thegioididong.com/laptop/dell-inspiron-15-3520-i5-71064798,2025-11-23 12:26:56,29000.0,2025-11-23,12
['MSI'],"Laptop MSI Gaming Cyborg 15 A13VEK - 1423VN (i7 13620H, 16GB, 512GB, RTX 4050 6GB, Full HD 144Hz, Win11)",25190000,VND,thegioididong,https://www.thegioididong.com/laptop/msi-cyborg-15-a13vek-i7-1423vn,2025-11-23 12:26:56,7390.0,2025-11-23,12
['DELL'],"Laptop Dell Inspiron 15 3530 - 71043885 (i5 1334U, 16GB, 512GB, Full HD 120Hz, OfficeHS, KYHD, Win11)",17490000,VND,thegioididong,https://www.thegioididong.com/laptop/dell-inspiron-15-3530-i5-71043885,2025-11-23 12:26:56,9200.0,2025-11-23,12
['ACER'],"Laptop Acer Gaming Aspire 5 A515 58GM 598J - NX.KW1SV.002 (i5 13420H, 16GB, 512GB, RTX 2050 4GB, Full HD 144Hz, Win11)",16990000,VND,thegioididong,https://www.thegioididong.com/laptop/acer-aspire-5-a515-58gm-598j-i5-nxkw1sv002,2025-11-23 12:26:57,5680.0,2025-11-23,12
['ACER'],"Laptop Acer Gaming Nitro V 15 ANV15 41 R2UP - NH.QPGSV.004 (R5 6600H, 16GB, 512GB, RTX 2050 4GB, Full HD 165Hz, Win11)",17190000,VND,thegioididong,https://www.thegioididong.com/laptop/acer-nitro-v-15-anv15-41-r2up-r5-nhqpgsv004,2025-11-23 12:26:57,25000.0,2025-11-23,12
['DELL'],"Laptop Dell Gaming Alienware 16 Aurora AC16250 - C7H321W11II5060 (Core 7 240H, 32GB, 1TB, RTX 5060 8GB, WQXGA 120Hz, OfficeH24+365, Win11)",42990000,VND,thegioididong,https://www.thegioididong.com/laptop/del-alienware-16-aurora-ac16250-core-7-240h-c7h321w11ii5060,2025-11-23 12:26:57,330.0,2025-11-23,12
['ASUS'],"Laptop Asus Vivobook S14 M3407KA - SF032WS (R7 AI 350, 32GB, 512GB, WUXGA OLED, OfficeH24+365, Win11)",23690000,VND,thegioididong,https://www.thegioididong.com/laptop/asus-vivobook-s14-m3407ka-r7-ai-350-sf032ws,2025-11-23 12:26:57,60.0,2025-11-23,12
['HP'],"Laptop HP Elitebook 630 G10 - 9H1N9PT (i7 1355U, 16GB, 512GB, Full HD, Win11)",24990000,VND,thegioididong,https://www.thegioididong.com/laptop/hp-elitebook-630-g10-i7-9h1n9pt,2025-11-23 12:26:58,3950.0,2025-11-23,12
['HP'],"Laptop HP Gaming VICTUS 15 fb3116AX - BX8U4PA (R7 7445HS, 16GB, 512GB, RTX3050 6GB, Full HD 144Hz, Win11)",23390000,VND,thegioididong,https://www.thegioididong.com/laptop/hp-victus-15-fb3116ax-r7-7445hs-bx8u4pa,2025-11-23 12:26:59,920.0,2025-11-23,12
['ASUS'],"Laptop Asus Gaming Vivobook K3605ZU - RP296W (i5 12500H, 16GB, 512GB, RTX 4050 6GB, WUXGA 144Hz, Win11)",21490000,VND,thegioididong,https://www.thegioididong.com/laptop/asus-gaming-vivobook-k3605zu-i5-rp296w,2025-11-23 12:26:59,5570.0,2025-11-23,12
['LENOVO'],"Laptop Lenovo V14 G4 AMN - 82YT00YNVN (R5 7520U, 16GB, 512GB, Full HD, Win11)",12490000,VND,thegioididong,https://www.thegioididong.com/laptop/lenovo-v14-g4-amn-r5-82yt00ynvn,2025-11-23 12:27:00,5600.0,2025-11-23,12
['GIGABYTE'],"Laptop GIGABYTE Gaming A16 GA6H - GAMING-A16-CMHI2VN893SH (i7 13620H, 16GB, 512GB, RTX 4050 6GB, WUXGA 165Hz, Win11)",25190000,VND,thegioididong,https://www.thegioididong.com/laptop/gigabyte-a16-ga6h-i7-gaming-a16-cmhi2vn893sh,2025-11-23 12:27:00,650.0,2025-11-23,12
['HP'],"Laptop HP Envy X360 14 fc0153TU - AY8V4PA (Ultra 7 155U, 32GB, 512GB, 2.8K OLED, Cảm ứng, Win11)",31590000,VND,thegioididong,https://www.thegioididong.com/laptop/hp-envy-x360-14-fc0153tu-ultra-7-ay8v4pa,2025-11-23 12:27:00,1430.0,2025-11-23,12
['MSI'],"Laptop MSI Gaming Thin 15 B13UC - 3247VN_16GB (i5 13420H, 16GB, 512GB, RTX 3050 4GB, Full HD 144Hz, Win11)",19490000,VND,thegioididong,https://www.thegioididong.com/laptop/msi-gaming-thin-15-b13uc-i5-13420h-3247vn-16gb,2025-11-23 12:27:01,890.0,2025-11-23,12
['DELL'],"Laptop Dell Inspiron 15 3530 - N3530-i5U165W11SLU-BL (i5 1334U, 16GB, 512GB, Full HD 120Hz, OfficeH24+365, Win11)",17490000,VND,thegioididong,https://www.thegioididong.com/laptop/dell-inspiron-15-3530-i5-n3530-i5u165w11slu-bl,2025-11-23 12:27:01,10000.0,2025-11-23,12
['ASUS'],"Laptop Asus Vivobook Go E1504FA - BQ1160W (R5 7520U, 16GB, 512GB, Full HD, Win11)",13590000,VND,thegioididong,https://www.thegioididong.com/laptop/asus-vivobook-go-e1504fa-r5-7520u-bq1160w,2025-11-23 12:27:01,20.0,2025-11-23,12
['ACER'],"Laptop Acer Gaming Aspire 7 A715 76G 5806 - NH.QMFSV.002 (i5 12450H, 16GB, 512GB, RTX 3050 4GB, Full HD 144Hz, Win11)",18690000,VND,thegioididong,https://www.thegioididong.com/laptop/acer-aspire-7-gaming-a715-76g-5806-i5-nhqmfsv002,2025-11-23 12:27:03,16000.0,2025-11-23,12
['ACER'],"Laptop Acer Aspire 7 A715 76 53PJ - NH.QGESV.007 (i5 12450H, 16GB, 512GB, Full HD, Win11)",13990000,VND,thegioididong,https://www.thegioididong.com/laptop/acer-aspire-7-a715-76-53pj-i5-nhqgesv007,2025-11-23 12:27:05,23000.0,2025-11-23,12
['ACER'],"Laptop Acer Gaming Aspire 5 A515 58GM 51LB - NX.KQ4SV.002 (i5 13420H, 16GB, 512GB, RTX 2050 4GB, Full HD, Win11)",16290000,VND,thegioididong,https://www.thegioididong.com/laptop/acer-aspire-5-a515-58gm-51lb-i5-nxkq4sv002,2025-11-23 12:27:05,63000.0,2025-11-23,12
['ACER'],"Laptop Acer Swift AI SF14 51 53P9 - NX.J2KSV.002 (Ultra 5 226V, 16GB, 1TB, 2.8K OLED 90Hz, Win11)",29990000,VND,thegioididong,https://www.thegioididong.com/laptop/acer-swift-ai-sf14-51-53p9-ultra-5-nxj2ksv002,2025-11-23 12:27:05,80.0,2025-11-23,12
['LENOVO'],"Laptop Lenovo IdeaPad Slim 3 14IRH10 - 83K0000AVN (i5 13420H, 24GB, 512GB, WUXGA, Win11)",16390000,VND,thegioididong,https://www.thegioididong.com/laptop/lenovo-ideapad-slim-3-14irh10-i5-83k0000avn,2025-11-23 12:27:08,130.0,2025-11-23,12
['MSI'],"Laptop MSI Gaming Cyborg 14 A13VE - 090VN (i7 13620H, 16GB, 512GB, RTX 4050 6GB, Full HD+ 144Hz, Win11)",26690000,VND,thegioididong,https://www.thegioididong.com/laptop/msi-cyborg-14-a13ve-i7-090vn,2025-11-23 12:27:08,940.0,2025-11-23,12
['ASUS'],"Laptop Asus Gaming ROG Strix G16 G614JU - N3509W (i7 13650HX, 32GB, 1TB, RTX 4050 6GB, Full HD+ 165Hz, Win11)",33190000,VND,thegioididong,https://www.thegioididong.com/laptop/asus-rog-strix-g16-g614ju-i7-n3509w,2025-11-23 12:27:08,2670.0,2025-11-23,12
UNKNOWN,"TOP 10 laptop cho dân văn phòng giá rẻ, đáng mua nhất tại TGDĐ",9990000,VND,thegioididong,https://www.thegioididong.com/hoi-dap/top-5-laptop-danh-cho-van-phong-co-ban-979828,2025-11-23 12:26:51,,2025-11-23,12
['ASUS'],"Laptop Asus TUF Gaming F15 FX507ZC4 - HN330W (i5 12500H, 16GB, 512GB, RTX 3050 4GB, Full HD 144Hz, Win11)",18990000,VND,thegioididong,https://www.thegioididong.com/laptop/asus-gaming-tuf-f15-fx507zc4-i5-hn330w,2025-11-23 12:27:10,27000.0,2025-11-23,12
['ACER'],"Laptop Acer Gaming Nitro V ANV15 51 53NE - NH.QNASV.002 (i5 13420H, 16GB, 512GB, RTX 2050 4GB, Full HD 144Hz, Win11)",17590000,VND,thegioididong,https://www.thegioididong.com/laptop/acer-nitro-v-anv15-51-53ne-i5-nhqnasv002,2025-11-23 12:27:10,10000.0,2025-11-23,12
['ACER'],"Laptop Acer Aspire Lite 14 51M 36PN - NX.KTWSV.001 (i3 1215U, 8GB, 512GB, Full HD+, Win11)",99900000,VND,thegioididong,https://www.thegioididong.com/laptop/acer-aspire-lite-14-51m-36pn-i3-nxktwsv001,2025-11-23 12:27:11,32000.0,2025-11-23,12
['HP'],"Laptop HP Pavilion 16 af0055TU - AY8C4PA (Ultra 5 125U, 16GB, 512GB, WUXGA, OfficeHS+365, Win11)",19990000,VND,thegioididong,https://www.thegioididong.com/laptop/hp-pavilion-16-af0055tu-ultra-5-ay8c4pa,2025-11-23 12:27:11,5620.0,2025-11-23,12
['DELL'],"Laptop Dell Latitude 7350 - L7350-135U-16512W (Ultra 5 135U vPro, 16GB, 512GB, Full HD+, Win11)",32290000,VND,thegioididong,https://www.thegioididong.com/laptop/dell-latitude-7350-ultra-5-l7350135u16512w,2025-11-23 12:27:12,510.0,2025-11-23,12
['HP'],"Laptop HP OmniBook 5 AI 16 af1054TU - C1MN8PA (Ultra 7 255U, 32GB, 512GB, WUXGA, OfficeH24, Win11)",27690000,VND,thegioididong,https://www.thegioididong.com/laptop/hp-omnibook-5-ai-16-af1054tu-ultra-7-255u-c1mn8pa,2025-11-23 12:27:12,,2025-11-23,12
['HP'],"Laptop HP EliteBook 6 G1i 13 - BQ9L8PT (Ultra 5 225U, 16GB, 512GB, WUXGA, Win11)",25190000,VND,thegioididong,https://www.thegioididong.com/laptop/hp-elitebook-6-g1i-13-ultra-5-225u-bq9l8pt,2025-11-23 12:27:12,120.0,2025-11-23,12
['DELL'],"Laptop Dell 15 DC15255 - DC5R5802W1 (R5 7530U, 16GB, 512GB, Full HD 120Hz, OfficeH24+365, Win11)",15990000,VND,thegioididong,https://www.thegioididong.com/laptop/dell-15-dc15255-r5-7530u-dc5r5802w1,2025-11-23 12:27:13,1850.0,2025-11-23,12
['GIGABYTE'],"Laptop GIGABYTE Gaming AERO X16 - GIGABYTE-AERO-X161VH93VNC64AH (R7 AI 350, 32GB, 1TB, RTX5060 8GB, WQXGA 165Hz, Win11)",37690000,VND,thegioididong,https://www.thegioididong.com/laptop/gigabyte-aero-x16-r7-ai-350-gigabyte-aero-x161vh93vnc64ah,2025-11-23 12:27:13,110.0,2025-11-23,12
['HP'],"Laptop HP Pavilion 15 eg3093TU - 8C5L4PA (i5 1335U, 16GB, 512GB, Full HD, Win11)",17790000,VND,thegioididong,https://www.thegioididong.com/laptop/hp-pavilion-15-eg3093tu-i5-8c5l4pa,2025-11-23 12:27:13,61000.0,2025-11-23,12
['LENOVO'],"Laptop Lenovo ThinkBook 14 - 21SG007VVN (Core 7 240H, 32GB, 1TB, WUXGA, Win11)",28290000,VND,thegioididong,https://www.thegioididong.com/laptop/lenovo-thinkbook-14-core-7-240h-21sg007vvn,2025-11-23 12:27:14,70.0,2025-11-23,12
['DELL'],"Laptop Dell Inspiron 15 3530 - P16WD2 (i5 1334U, 16GB, 512GB, Full HD 120Hz, OfficeHS, Win11)",17490000,VND,thegioididong,https://www.thegioididong.com/laptop/dell-inspiron-15-3530-i5-p16wd2,2025-11-23 12:27:14,3540.0,2025-11-23,12
['LENOVO'],"Laptop Lenovo Gaming LOQ 15IRX9 - 83DV00PSVN (i5 13450HX, 24GB, 512GB, RTX 3050 6GB, Full HD 144Hz, Win11)",24390000,VND,thegioididong,https://www.thegioididong.com/laptop/lenovo-loq-15irx9-i5-83dv00psvn,2025-11-23 12:27:14,7820.0,2025-11-23,12
['HP'],"Laptop HP 15 fc0655AU - C81NGPA (R5 7430U, 16GB, 512GB, Full HD, Win11)",13490000,VND,thegioididong,https://www.thegioididong.com/laptop/hp-15-fc0655au-r5-7430u-c81ngpa,2025-11-23 12:27:14,,2025-11-23,12
['LENOVO'],"Laptop Lenovo V14 G4 - 83A000S4VN (i3 1315U, 8GB, 512GB, Full HD, Win11)",10990000,VND,thegioididong,https://www.thegioididong.com/laptop/lenovo-v14-g4-i3-1315u-83a000s4vn,2025-11-23 12:27:15,,2025-11-23,12
['LENOVO'],"Laptop Lenovo Gaming LOQ 15IRX9 - 83DV01ALVN (i7 13650HX, 16GB, 512GB, RTX 4050 6GB, Full HD 144Hz, Win11)",28290000,VND,thegioididong,https://www.thegioididong.com/laptop/lenovo-gaming-loq-15irx9-i7-13650hx-83dv01alvn,2025-11-23 12:27:15,1240.0,2025-11-23,12
['ASUS'],"Laptop Asus Vivobook 15 X1502VA - BQ986WS (i7 13620H, 16GB, 512GB, Full HD, OfficeH24+365, Win11)",17990000,VND,thegioididong,https://www.thegioididong.com/laptop/asus-x1502va-i7-bq986ws,2025-11-23 12:27:15,12000.0,2025-11-23,12
['MSI'],"Laptop MSI Prestige 16 AI+ B2VMG - 016VN (Ultra 9 288V, 32GB, 1TB, 4K/UHD+ OLED, Win11)",43890000,VND,thegioididong,https://www.thegioididong.com/laptop/msi-prestige-16-ai-b2vmg-ultra-9-288v-016vn,2025-11-23 12:27:15,,2025-11-23,12
['ASUS'],"Laptop Asus Gaming Vivobook K3605ZC - RP629W (i5 12500H, 16GB, 512GB, RTX 3050 4GB, WUXGA 144Hz, Win11)",17990000,VND,thegioididong,https://www.thegioididong.com/laptop/asus-vivobook-k3605zc-i5-rp629w,2025-11-23 12:27:16,23000.0,2025-11-23,12
['DELL'],"Laptop Dell Inspiron 14 5440 - 71053697 (Core 5 120U, 16GB, 1TB, Full HD+, OfficeH24+365B, Win11)",23690000,VND,thegioididong,https://www.thegioididong.com/laptop/dell-inspiron-14-5440-core-5-120u-71053697,2025-11-23 12:27:17,10.0,2025-11-23,12
['ASUS'],"Laptop Asus TUF Gaming F16 FX608JHR - RV037W (i7 14650HX, 16GB, 1TB, RTX 5050 8GB, WUXGA 165Hz, Win11)",34690000,VND,thegioididong,https://www.thegioididong.com/laptop/asus-tuf-gaming-f16-fx608jhr-i7-rv037w,2025-11-23 12:27:17,800.0,2025-11-23,12
['HP'],"Laptop HP OmniBook 5 AI 16 af1048TU - BZ7Q9PA (Ultra 5 225U, 16GB, 512GB, WUXGA, OfficeH24, Win11)",22190000,VND,thegioididong,https://www.thegioididong.com/laptop/hp-omnibook-5-ai-16-af1048tu-ultra-5-225u-bz7q9pa,2025-11-23 12:27:17,1020.0,2025-11-23,12
['ASUS'],"Laptop Asus Vivobook S14 S3407CA - LY095WS (Ultra 5 225H, 16GB, 512GB, WUXGA, OfficeH24+365, Win11)",20490000,VND,thegioididong,https://www.thegioididong.com/laptop/asus-s3407ca-ultra-5-ly095ws,2025-11-23 12:27:18,5190.0,2025-11-23,12
['LENOVO'],"Laptop Lenovo IdeaPad Slim 5 OLED 14IRH10R - 83J0006EVN (Core 5 210H, 16GB, 512GB, WUXGA OLED, Win11)",20390000,VND,thegioididong,https://www.thegioididong.com/laptop/lenovo-ideapad-slim-5-oled-14irh10r-core-5-83j0006evn,2025-11-23 12:27:18,290.0,2025-11-23,12
['DELL'],"Laptop Dell 15 DC15250 - DC15250-i7U161W11SLU (i7 1355U, 16GB, 1TB, Full HD 120Hz, OfficeH24+365, Win11)",21990000,VND,thegioididong,https://www.thegioididong.com/laptop/dell-15-dc15250-i7-1355u-dc15250-i7u161w11slu,2025-11-23 12:27:18,,2025-11-23,12
['MACBOOK'],Laptop MacBook Pro 14 inch Nano M4 Pro 24GB/512GB,54190000,VND,thegioididong,https://www.thegioididong.com/laptop/macbook-pro-14-nano-m4-pro-24-512,2025-11-23 12:27:19,1100.0,2025-11-23,12
['ASUS'],"Laptop Asus TUF Gaming A15 FA507NUR - LP057W (R7 7435HS, 16GB, 512GB, RTX 4050 6GB, Full HD 144Hz, Win11)",23990000,VND,thegioididong,https://www.thegioididong.com/laptop/asus-fa507nur-r7-lp057w,2025-11-23 12:27:19,16000.0,2025-11-23,12
['DELL'],"Laptop Dell Inspiron 16 5640 - N6I7512W1 (Core 7 150U, 16GB, 1TB, MX570A 2GB, 2.5K 120Hz, OfficeHS, Win11)",31290000,VND,thegioididong,https://www.thegioididong.com/laptop/dell-inspiron-16-5640-core-7-n6i7512w1,2025-11-23 12:27:21,950.0,2025-11-23,12
['LENOVO'],"Laptop Lenovo Gaming LOQ 15ARP9 - 83JC00J0VN (R7 7435HS, 24GB, 512GB, RTX 4050 6GB, Full HD 144Hz, Win11)",27290000,VND,thegioididong,https://www.thegioididong.com/laptop/lenovo-loq-15arp9-r7-83jc00j0vn,2025-11-23 12:27:21,8100.0,2025-11-23,12
['DELL'],Laptop Dell Inspiron 15 3530 i7 1355U/16GB/512GB/120Hz/OfficeHS/Win11 (71026454),20990000,VND,thegioididong,https://www.thegioididong.com/laptop/dell-inspiron-15-3530-i7-71026454,2025-11-23 12:27:21,11000.0,2025-11-23,12
['MSI'],"Laptop MSI Gaming Stealth 14 AI Studio A1VFG - 085VN (Ultra 7 155H, 32GB, 1TB, RTX 4060 8GB, 2.8K OLED 120Hz, Win11)",43730000,VND,thegioididong,https://www.thegioididong.com/laptop/msi-stealth-14-ai-studio-a1vfg-ultra-7-085vn,2025-11-23 12:27:21,250.0,2025-11-23,12
['LENOVO'],"Laptop Lenovo Gaming Legion 5 15IRX10 - 83LY00HQVN (i7 13650HX, 16GB, 512GB, RTX 5060 8GB, WUXGA 165Hz, OfficeH24, Win11)",36990000,VND,thegioididong,https://www.thegioididong.com/laptop/lenovo-gaming-legion-5-15irx10-i7-13650hx-83ly00hqvn,2025-11-23 12:27:22,,2025-11-23,12
['ASUS'],"Laptop Asus Vivobook S16 S3607CA - SH082WS (Ultra 5 225H, 16GB, 512GB, Full HD OLED, OfficeH24+365, Win11)",21990000,VND,thegioididong,https://www.thegioididong.com/laptop/asus-vivobook-s16-s3607ca-ultra-5-225h-sh082ws,2025-11-23 12:27:23,70.0,2025-11-23,12
['LENOVO'],"Laptop Lenovo Gaming Legion 5 15IRX10 - 83LY00HRVN (i7 13650HX, 16GB, 512GB, RTX 5050 8GB, WUXGA 165Hz, OfficeH24, Win11)",33990000,VND,thegioididong,https://www.thegioididong.com/laptop/lenovo-gaming-legion-5-15irx10-i7-13650hx-83ly00hrvn,2025-11-23 12:27:23,,2025-11-23,12
['MSI'],"Laptop MSI Creator M16 HX C14VFG - 040VN (i7 14700HX, 32GB, 1TB, RTX 4060 8GB, QHD+ 240Hz, Win11)",45190000,VND,thegioididong,https://www.thegioididong.com/laptop/msi-creator-m16-hx-c14vfg-i7-040vn,2025-11-23 12:27:23,260.0,2025-11-23,12
['GIGABYTE'],"Laptop GIGABYTE Gaming A16 GA6H - GAMING-A16-CMHH2VN893SH (i5 13420H, 16GB, 512GB, RTX 4050 6GB, WUXGA 165Hz, Win11)",23190000,VND,thegioididong,https://www.thegioididong.com/laptop/gigabyte-a16-ga6h-i5-gaminga16cmhh2vn893sh,2025-11-23 12:27:24,350.0,2025-11-23,12
['ASUS'],"Laptop Asus Vivobook 15 OLED A1505VA - MA467W (i5 13500H, 16GB, 512GB, 2.8K OLED 120Hz, Win11)",15990000,VND,thegioididong,https://www.thegioididong.com/laptop/asus-vivobook-15-oled-a1505va-i5-ma467w,2025-11-23 12:27:24,17000.0,2025-11-23,12
['ASUS'],"Laptop Asus Vivobook S16 S3607VA - RP055WS (i5 13420H, 16GB, 512GB, WUXGA 144Hz, OfficeH24+365, Win11)",18990000,VND,thegioididong,https://www.thegioididong.com/laptop/asus-s3607va-i5-rp055ws,2025-11-23 12:27:24,7490.0,2025-11-23,12
['ASUS'],"Laptop Asus Zenbook 14 UX3405CA - PZ187WS (Ultra 5 225H, 16GB, 512GB, 2.8K OLED 120Hz, Cảm ứng, OfficeH24+365, Win11)",28490000,VND,thegioididong,https://www.thegioididong.com/laptop/asus-zenbook-14-ux3405ca-ultra-5-pz187ws,2025-11-23 12:27:24,3410.0,2025-11-23,12
['DELL'],"Laptop Dell Inspiron 15 3530 - N3530-i3U085W11SLU (i3 1305U, 8GB, 512GB, Full HD 120Hz, OfficeH24+365, Win11)",11990000,VND,thegioididong,https://www.thegioididong.com/laptop/dell-inspiron-15-3530-i3-1305u-n3530-i3u085w11slu,2025-11-23 12:27:25,6670.0,2025-11-23,12
['ASUS'],"Laptop Asus Gaming Vivobook K3605ZF - RP745W (i5 12500H, 16GB, 512GB, RTX 2050 4GB, WUXGA 144Hz, Win11)",16690000,VND,thegioididong,https://www.thegioididong.com/laptop/asus-vivobook-k3605zf-i5-rp745w,2025-11-23 12:27:25,48000.0,2025-11-23,12
['MSI'],"Laptop MSI Prestige 14 AI Studio C1VEG - 056VN (Ultra 7 155H, 32GB, 1TB, RTX 4050 6GB, 2.8K, Win11)",35090000,VND,thegioididong,https://www.thegioididong.com/laptop/msi-prestige-14-ai-studio-c1veg-ultra-7-056vn,2025-11-23 12:27:25,510.0,2025-11-23,12
['DELL'],"Laptop Dell Inspiron 15 3530 - N5I5530W1 (i5 1334U, 16GB, 512GB, Full HD 120Hz, OfficeH24+365, Win11)",17490000,VND,thegioididong,https://www.thegioididong.com/laptop/dell-inspiron-15-3530-i5-n5i5530w1,2025-11-23 12:27:25,36000.0,2025-11-23,12
['ACER'],"Laptop Acer Aspire Go AG15 31P 30M4 - NX.KRPSV.004 (i3 N305, 8GB, 256GB, Full HD, Win11)",10290000,VND,thegioididong,https://www.thegioididong.com/laptop/acer-aspire-go-ag15-31p-30m4-i3-nxkrpsv004,2025-11-23 12:27:25,25000.0,2025-11-23,12
['ASUS'],"Laptop Asus Vivobook 14 X1404VA - NK771WS (i5 1334U, 16GB, 512GB, Full HD, OfficeH24+365, Win11)",14390000,VND,thegioididong,https://www.thegioididong.com/laptop/asus-x1404va-i5-nk771ws,2025-11-23 12:27:26,7440.0,2025-11-23,12
['MACBOOK'],Laptop MacBook Pro 14 inch M4 16GB/512GB,38090000,VND,thegioididong,https://www.thegioididong.com/laptop/macbook-pro-14-inch-m4-16gb-512gb,2025-11-23 12:27:26,19000.0,2025-11-23,12
['GIGABYTE'],"Laptop GIGABYTE Gaming G6 KF RC56 - 9RC56KF0HJIIXIVN000 (i7 13620H, 16GB, 512GB, RTX 4060 8GB, WUXGA 165Hz, Win11)",25390000,VND,thegioididong,https://www.thegioididong.com/laptop/gigabyte-g6-kf-rc56-i7-9rc56kf0hjiixivn000,2025-11-23 12:27:27,630.0,2025-11-23,12
['ASUS'],"Laptop Asus Vivobook 14 X1404V - NK050W (i5 1335U, 16GB, 512GB, Full HD, Win11)",14390000,VND,thegioididong,https://www.thegioididong.com/laptop/asus-vivobook-14-x1404va-i5-nk050w,2025-11-23 12:27:27,40000.0,2025-11-23,12
['DELL'],"Laptop Dell Gaming Alienware 16 Aurora AC16250 - 71072939 (Core 5 210H, 16GB, 512GB, RTX 3050 6GB, WQXGA 120Hz, OfficeH24+365, Win11)",27990000,VND,thegioididong,https://www.thegioididong.com/laptop/dell-alienware-16-aurora-ac16250-core-5-210h-71072939,2025-11-23 12:27:27,2140.0,2025-11-23,12
['ACER'],"Laptop Acer Swift Go 14 41 R251 - NX.KG3SV.005 (R5 7430U, 16GB, 1TB, Full HD, Win11)",18390000,VND,thegioididong,https://www.thegioididong.com/laptop/acer-swift-go-14-41-r251-r5-nxkg3sv005,2025-11-23 12:27:27,6740.0,2025-11-23,12
['MSI'],"Laptop MSI Modern 15 F13MG - 082VN (i5 1335U, 16GB, 512GB, Full HD, Win11)",13690000,VND,thegioididong,https://www.thegioididong.com/laptop/msi-modern-15-f13mg-i5-082vn,2025-11-23 12:27:28,10000.0,2025-11-23,12
['HP'],"Laptop HP Pavilion 15 eg3094TU - 8C5L5PA (i5 1335U, 8GB, 512GB, Full HD, Win11)",16290000,VND,thegioididong,https://www.thegioididong.com/laptop/hp-pavilion-15-eg3094tu-i5-8c5l5pa,2025-11-23 12:27:29,6740.0,2025-11-23,12
